category,sub_category,Price_Tier,Claims,SKU_Count,Trend_Index,Competitor_Density,Coverage_Norm,Trend_Norm,CompDen_Norm,Gap_Score
Baby Care,"Atta, Flours & Sooji",₹200+,none,1,0.37,0.69,0.0,0.36363636363636365,0.69,0.6047727272727274
Baby Care,Baby Accessories,₹101–200,none,4,0.95,0.54,0.016483516483516484,0.9494949494949495,0.54,0.8407298257298257
Baby Care,Baby Accessories,₹1–50,none,2,0.73,0.25,0.005494505494505495,0.7272727272727273,0.25,0.8398476523476524
Baby Care,Baby Accessories,₹200+,none,30,0.6,0.35,0.15934065934065933,0.5959595959595959,0.35,0.7073495948495948
Baby Care,Baby Accessories,₹51–100,none,1,0.16,0.18,0.0,0.15151515151515152,0.18,0.6580303030303031
Baby Care,Baby Bath & Hygiene,₹101–200,herbal,3,0.16,0.91,0.01098901098901099,0.15151515151515152,0.91,0.4711346986346987
Baby Care,Baby Bath & Hygiene,₹101–200,none,48,0.06,0.58,0.25824175824175827,0.050505050505050504,0.58,0.41938006438006437
Baby Care,Baby Bath & Hygiene,₹101–200,plant-based,2,0.87,0.4,0.005494505494505495,0.8686868686868687,0.4,0.8518426018426019
Baby Care,Baby Bath & Hygiene,₹1–50,none,5,0.6,0.46,0.02197802197802198,0.5959595959595959,0.46,0.7347946497946498
Baby Care,Baby Bath & Hygiene,₹200+,fortified,1,0.71,0.95,0.0,0.7070707070707071,0.95,0.6599747474747475
Baby Care,Baby Bath & Hygiene,₹200+,herbal,23,0.02,0.15,0.12087912087912088,0.010101010101010102,0.15,0.5676837051837053
Baby Care,Baby Bath & Hygiene,₹200+,none,90,0.97,0.59,0.489010989010989,0.9696969696969697,0.59,0.6462895437895437
Baby Care,Baby Bath & Hygiene,₹200+,plant-based,2,0.83,0.51,0.005494505494505495,0.8282828282828283,0.51,0.8102011877011877
Baby Care,Baby Bath & Hygiene,₹51–100,fortified,1,0.21,0.61,0.0,0.20202020202020202,0.61,0.5682070707070708
Baby Care,Baby Bath & Hygiene,₹51–100,herbal,2,0.18,0.02,0.005494505494505495,0.1717171717171717,0.02,0.7029032079032079
Baby Care,Baby Bath & Hygiene,₹51–100,none,18,0.18,0.87,0.09340659340659341,0.1717171717171717,0.87,0.45523837273837275
Baby Care,Baby Food & Formula,₹101–200,herbal,3,0.3,0.93,0.01098901098901099,0.29292929292929293,0.93,0.5156296481296482
Baby Care,Baby Food & Formula,₹101–200,none,6,0.52,0.57,0.027472527472527472,0.5151515151515151,0.57,0.6768140193140194
Baby Care,Baby Food & Formula,₹101–200,plant-based,1,0.43,0.7,0.0,0.42424242424242425,0.7,0.6234848484848485
Baby Care,Baby Food & Formula,₹101–200,"sugar-free, herbal",1,0.29,0.92,0.0,0.2828282828282828,0.92,0.518989898989899
Baby Care,Baby Food & Formula,₹200+,herbal,4,0.61,0.71,0.016483516483516484,0.6060606060606061,0.71,0.6780278055278055
Baby Care,Baby Food & Formula,₹200+,none,28,0.14,0.15,0.14835164835164835,0.13131313131313133,0.15,0.5991189366189367
Baby Care,Baby Food & Formula,₹200+,plant-based,2,0.29,0.58,0.005494505494505495,0.2828282828282828,0.58,0.6017920967920968
Baby Care,Baby Food & Formula,₹200+,protein,1,0.37,0.61,0.0,0.36363636363636365,0.61,0.6247727272727274
Baby Care,Baby Food & Formula,₹51–100,fortified,1,0.46,0.42,0.0,0.4545454545454546,0.42,0.7040909090909091
Baby Care,Diapers & Wipes,₹101–200,herbal,1,0.79,0.74,0.0,0.787878787878788,0.74,0.7407575757575757
Baby Care,Diapers & Wipes,₹101–200,none,32,0.2,0.93,0.17032967032967034,0.19191919191919193,0.93,0.416539849039849
Baby Care,Diapers & Wipes,₹1–50,none,5,0.51,0.93,0.02197802197802198,0.5050505050505051,0.93,0.5854764679764679
Baby Care,Diapers & Wipes,₹200+,none,183,0.59,0.45,1.0,0.5858585858585859,0.45,0.34255050505050505
Baby Care,Diapers & Wipes,₹51–100,none,11,0.05,0.11,0.054945054945054944,0.04040404040404041,0.11,0.6146633921633922
Baby Care,Feeding & Nursing,₹101–200,none,18,0.61,0.98,0.09340659340659341,0.6060606060606061,0.98,0.5797585747585748
Baby Care,Feeding & Nursing,₹200+,none,22,0.17,0.84,0.11538461538461539,0.16161616161616163,0.84,0.45041181041181044
Baby Care,Feeding & Nursing,₹51–100,none,5,0.07,0.12,0.02197802197802198,0.060606060606060615,0.12,0.6324209124209125
Baby Care,Mothers & Maternity,₹101–200,none,3,0.95,0.92,0.01098901098901099,0.9494949494949495,0.92,0.7479276279276279
Baby Care,Mothers & Maternity,₹200+,fortified,3,0.97,0.87,0.01098901098901099,0.9696969696969697,0.87,0.767498334998335
Baby Care,Mothers & Maternity,₹200+,herbal,3,0.81,0.52,0.01098901098901099,0.8080808080808082,0.52,0.7984326784326784
Baby Care,Mothers & Maternity,₹200+,none,10,0.3,0.59,0.04945054945054945,0.29292929292929293,0.59,0.5852450327450327
Baby Care,Mothers & Maternity,₹51–100,none,3,0.1,0.4,0.01098901098901099,0.09090909090909093,0.4,0.5774225774225774
"Bakery, Cakes & Dairy",Bakery Snacks,₹101–200,none,15,0.68,0.05,0.14736842105263157,0.6767676767676768,0.05,0.8154213184476342
"Bakery, Cakes & Dairy",Bakery Snacks,₹200+,none,1,0.44,0.34,0.0,0.43434343434343436,0.34,0.7170202020202021
"Bakery, Cakes & Dairy",Bakery Snacks,₹51–100,none,9,0.12,0.8,0.08421052631578947,0.11111111111111112,0.8,0.4552046783625731
"Bakery, Cakes & Dairy",Breads & Buns,₹101–200,none,1,0.5,0.0,0.0,0.494949494949495,0.0,0.8232323232323233
"Bakery, Cakes & Dairy",Breads & Buns,₹1–50,none,32,0.03,0.33,0.3263157894736842,0.0202020202020202,0.33,0.44404439128123335
"Bakery, Cakes & Dairy",Breads & Buns,₹200+,none,3,0.91,0.4,0.021052631578947368,0.9090909090909092,0.4,0.8597607655502393
"Bakery, Cakes & Dairy",Breads & Buns,₹200+,plant-based,2,0.26,0.54,0.010526315789473684,0.25252525252525254,0.54,0.5991733120680489
"Bakery, Cakes & Dairy",Breads & Buns,₹51–100,none,9,0.66,0.92,0.08421052631578947,0.6565656565656566,0.92,0.6161137692716641
"Bakery, Cakes & Dairy",Cakes & Pastries,₹101–200,none,36,0.31,0.35,0.3684210526315789,0.30303030303030304,0.35,0.5211921850079745
"Bakery, Cakes & Dairy",Cakes & Pastries,₹101–200,plant-based,2,0.52,0.35,0.010526315789473684,0.5151515151515151,0.35,0.7385925039872409
"Bakery, Cakes & Dairy",Cakes & Pastries,₹101–200,sugar-free,1,0.55,0.74,0.0,0.5454545454545455,0.74,0.655909090909091
"Bakery, Cakes & Dairy",Cakes & Pastries,₹1–50,none,43,0.18,0.45,0.4421052631578947,0.1717171717171717,0.45,0.4207589048378522
"Bakery, Cakes & Dairy",Cakes & Pastries,₹200+,herbal,1,0.97,0.22,0.0,0.9696969696969697,0.22,0.9343939393939393
"Bakery, Cakes & Dairy",Cakes & Pastries,₹200+,none,28,0.78,0.45,0.28421052631578947,0.7777777777777778,0.45,0.6960380116959064
"Bakery, Cakes & Dairy",Cakes & Pastries,₹200+,sugar-free,5,0.94,0.14,0.042105263157894736,0.9393939393939393,0.14,0.9269457735247209
"Bakery, Cakes & Dairy",Cakes & Pastries,₹51–100,none,9,0.89,0.18,0.08421052631578947,0.888888888888889,0.18,0.8824269005847953
"Bakery, Cakes & Dairy","Cookies, Rusk & Khari",₹101–200,none,53,0.6,0.5,0.5473684210526316,0.5959595959595959,0.5,0.5146384901648059
"Bakery, Cakes & Dairy","Cookies, Rusk & Khari",₹101–200,plant-based,2,0.92,0.42,0.010526315789473684,0.9191919191919192,0.42,0.8625066454013823
"Bakery, Cakes & Dairy","Cookies, Rusk & Khari",₹1–50,none,33,0.09,0.91,0.3368421052631579,0.08080808080808081,0.91,0.3160459861775652
"Bakery, Cakes & Dairy","Cookies, Rusk & Khari",₹200+,herbal,1,0.2,0.36,0.0,0.19191919191919193,0.36,0.6271717171717172
"Bakery, Cakes & Dairy","Cookies, Rusk & Khari",₹200+,none,25,0.05,0.58,0.25263157894736843,0.04040404040404041,0.58,0.41808878256246673
"Bakery, Cakes & Dairy","Cookies, Rusk & Khari",₹200+,plant-based,3,0.33,0.63,0.021052631578947368,0.32323232323232326,0.63,0.5972102604997342
"Bakery, Cakes & Dairy","Cookies, Rusk & Khari",₹200+,sugar-free,3,0.39,0.01,0.021052631578947368,0.38383838383838387,0.01,0.7734223817118555
"Bakery, Cakes & Dairy","Cookies, Rusk & Khari",₹200+,"sugar-free, plant-based",1,0.27,0.66,0.0,0.26262626262626265,0.66,0.5769191919191919
"Bakery, Cakes & Dairy","Cookies, Rusk & Khari",₹51–100,none,25,0.83,0.18,0.25263157894736843,0.8282828282828283,0.18,0.7938463583200426
"Bakery, Cakes & Dairy","Cookies, Rusk & Khari",₹51–100,plant-based,3,0.36,0.96,0.021052631578947368,0.35353535353535354,0.96,0.5253163211057948
"Bakery, Cakes & Dairy",Dairy,₹101–200,fortified,2,0.28,0.15,0.010526315789473684,0.27272727272727276,0.15,0.703744019138756
"Bakery, Cakes & Dairy",Dairy,₹101–200,herbal,4,0.54,0.41,0.031578947368421054,0.5353535353535354,0.41,0.722242158426369
"Bakery, Cakes & Dairy",Dairy,₹101–200,none,96,0.14,0.09,1.0,0.13131313131313133,0.09,0.27345959595959596
"Bakery, Cakes & Dairy",Dairy,₹101–200,plant-based,4,0.8,1.0,0.031578947368421054,0.797979797979798,1.0,0.6666613503455608
"Bakery, Cakes & Dairy",Dairy,₹101–200,protein,1,0.07,0.5,0.0,0.060606060606060615,0.5,0.5462121212121213
"Bakery, Cakes & Dairy",Dairy,₹1–50,none,88,0.99,0.6,0.9157894736842105,0.98989898989899,0.6,0.4801488569909623
"Bakery, Cakes & Dairy",Dairy,₹1–50,plant-based,2,0.77,0.07,0.010526315789473684,0.7676767676767677,0.07,0.8969763423710793
"Bakery, Cakes & Dairy",Dairy,₹1–50,probiotic,4,0.2,0.75,0.031578947368421054,0.19191919191919193,0.75,0.5170401382243488
"Bakery, Cakes & Dairy",Dairy,₹1–50,sugar-free,2,0.01,0.21,0.010526315789473684,0.0,0.21,0.5932894736842105
"Bakery, Cakes & Dairy",Dairy,₹200+,herbal,1,0.82,0.9,0.0,0.8181818181818181,0.9,0.7113636363636363
"Bakery, Cakes & Dairy",Dairy,₹200+,none,85,0.71,0.21,0.8842105263157894,0.7070707070707071,0.21,0.4912905369484317
"Bakery, Cakes & Dairy",Dairy,₹200+,plant-based,7,0.73,0.19,0.06315789473684211,0.7272727272727273,0.19,0.8317822966507177
"Bakery, Cakes & Dairy",Dairy,₹200+,"plant-based, herbal",1,0.77,0.04,0.0,0.7676767676767677,0.04,0.9086868686868688
"Bakery, Cakes & Dairy",Dairy,₹200+,"plant-based, protein",1,0.07,0.47,0.0,0.060606060606060615,0.47,0.5537121212121212
"Bakery, Cakes & Dairy",Dairy,₹200+,probiotic,2,0.36,0.56,0.010526315789473684,0.35353535353535354,0.56,0.6295268474215843
"Bakery, Cakes & Dairy",Dairy,₹200+,protein,3,0.12,0.07,0.021052631578947368,0.11111111111111112,0.07,0.6629678362573099
"Bakery, Cakes & Dairy",Dairy,₹200+,sugar-free,1,0.86,0.78,0.0,0.8585858585858586,0.78,0.7555050505050505
"Bakery, Cakes & Dairy",Dairy,₹51–100,fortified,1,0.62,0.45,0.0,0.6161616161616161,0.45,0.7531565656565657
"Bakery, Cakes & Dairy",Dairy,₹51–100,none,60,0.33,0.52,0.6210526315789474,0.32323232323232326,0.52,0.38471026049973417
"Bakery, Cakes & Dairy",Dairy,₹51–100,plant-based,1,0.06,0.44,0.0,0.050505050505050504,0.44,0.5576767676767678
"Bakery, Cakes & Dairy",Dairy,₹51–100,probiotic,2,0.31,0.4,0.010526315789473684,0.30303030303030304,0.4,0.6518500797448166
"Bakery, Cakes & Dairy",Dairy,₹51–100,protein,1,0.33,0.56,0.0,0.32323232323232326,0.56,0.6231313131313131
"Bakery, Cakes & Dairy",Gourmet Breads,₹101–200,none,18,0.73,0.16,0.17894736842105263,0.7272727272727273,0.16,0.7929665071770334
"Bakery, Cakes & Dairy",Gourmet Breads,₹1–50,none,6,0.64,0.18,0.05263157894736842,0.6363636363636364,0.18,0.8066746411483254
"Bakery, Cakes & Dairy",Gourmet Breads,₹200+,none,2,0.89,0.86,0.010526315789473684,0.888888888888889,0.86,0.7419005847953216
"Bakery, Cakes & Dairy",Gourmet Breads,₹51–100,none,9,0.47,0.95,0.08421052631578947,0.46464646464646464,0.95,0.5414420520999468
"Bakery, Cakes & Dairy",Ice Creams & Desserts,₹101–200,none,14,0.12,0.37,0.1368421052631579,0.11111111111111112,0.37,0.5416520467836258
"Bakery, Cakes & Dairy",Ice Creams & Desserts,₹101–200,plant-based,1,0.71,0.27,0.0,0.7070707070707071,0.27,0.8299747474747475
"Bakery, Cakes & Dairy",Ice Creams & Desserts,₹1–50,none,10,0.76,0.64,0.09473684210526316,0.7575757575757576,0.64,0.7172567783094098
"Bakery, Cakes & Dairy",Ice Creams & Desserts,₹1–50,sugar-free,2,0.56,0.41,0.010526315789473684,0.5555555555555556,0.41,0.7377339181286551
"Bakery, Cakes & Dairy",Ice Creams & Desserts,₹200+,herbal,4,0.77,0.03,0.031578947368421054,0.7676767676767677,0.03,0.8985552897395002
"Bakery, Cakes & Dairy",Ice Creams & Desserts,₹200+,none,14,0.49,0.16,0.1368421052631579,0.48484848484848486,0.16,0.7249601275917066
"Bakery, Cakes & Dairy",Ice Creams & Desserts,₹200+,plant-based,1,0.52,0.72,0.0,0.5151515151515151,0.72,0.6503030303030304
"Bakery, Cakes & Dairy",Ice Creams & Desserts,₹200+,"plant-based, herbal",1,0.43,0.66,0.0,0.42424242424242425,0.66,0.6334848484848484
"Bakery, Cakes & Dairy",Ice Creams & Desserts,₹51–100,none,1,0.03,0.03,0.0,0.0202020202020202,0.03,0.6495707070707071
"Bakery, Cakes & Dairy",Non Dairy,₹101–200,none,6,0.11,0.22,0.05263157894736842,0.10101010101010102,0.22,0.609300903774588
"Bakery, Cakes & Dairy",Non Dairy,₹101–200,plant-based,3,0.03,0.23,0.021052631578947368,0.0202020202020202,0.23,0.5911496544391281
"Bakery, Cakes & Dairy",Non Dairy,₹1–50,plant-based,3,0.64,0.67,0.021052631578947368,0.6363636363636364,0.67,0.6968062200956938
"Bakery, Cakes & Dairy",Non Dairy,₹200+,none,7,0.31,0.02,0.06315789473684211,0.30303030303030304,0.02,0.7257974481658693
"Bakery, Cakes & Dairy",Non Dairy,₹200+,plant-based,8,0.51,0.1,0.07368421052631578,0.5050505050505051,0.1,0.7722939925571505
"Bakery, Cakes & Dairy",Non Dairy,₹200+,"plant-based, herbal",1,0.91,0.8,0.0,0.9090909090909092,0.8,0.7681818181818183
"Bakery, Cakes & Dairy",Non Dairy,₹200+,"plant-based, protein",1,0.25,0.18,0.0,0.24242424242424243,0.18,0.6898484848484849
"Bakery, Cakes & Dairy",Non Dairy,₹200+,sugar-free,1,0.41,0.65,0.0,0.40404040404040403,0.65,0.6289141414141415
"Bakery, Cakes & Dairy",Non Dairy,₹51–100,plant-based,1,0.76,0.24,0.0,0.7575757575757576,0.24,0.8551515151515152
Beauty & Hygiene,Bath & Hand Wash,₹101–200,disinfectant,10,0.23,0.1,0.006933744221879815,0.22222222222222224,0.1,0.7000042800890258
Beauty & Hygiene,Bath & Hand Wash,₹101–200,fortified,8,0.08,0.24,0.00539291217257319,0.07070707070707072,0.24,0.6125903098784455
Beauty & Hygiene,Bath & Hand Wash,₹101–200,herbal,26,0.29,0.72,0.01926040061633282,0.2828282828282828,0.72,0.5612857387433658
Beauty & Hygiene,Bath & Hand Wash,₹101–200,none,245,0.16,0.86,0.18798151001540833,0.15151515151515152,0.86,0.4128376990241397
Beauty & Hygiene,Bath & Hand Wash,₹101–200,plant-based,10,0.93,0.83,0.006933744221879815,0.9292929292929294,0.83,0.7649790275637733
Beauty & Hygiene,Bath & Hand Wash,₹101–200,protein,1,0.81,0.4,0.0,0.8080808080808082,0.4,0.8328282828282828
Beauty & Hygiene,Bath & Hand Wash,₹1–50,disinfectant,3,0.63,0.67,0.0015408320493066256,0.6262626262626263,0.67,0.7010755863721966
Beauty & Hygiene,Bath & Hand Wash,₹1–50,fortified,2,0.87,0.2,0.0007704160246533128,0.8686868686868687,0.2,0.9037322376305428
Beauty & Hygiene,Bath & Hand Wash,₹1–50,"fortified, herbal",1,0.8,0.29,0.0,0.797979797979798,0.29,0.8567929292929293
Beauty & Hygiene,Bath & Hand Wash,₹1–50,herbal,13,0.19,0.9,0.009244992295839754,0.18181818181818182,0.9,0.4849383667180278
Beauty & Hygiene,Bath & Hand Wash,₹1–50,none,76,0.89,0.01,0.05778120184899846,0.888888888888889,0.01,0.9354986303715118
Beauty & Hygiene,Bath & Hand Wash,₹1–50,plant-based,3,0.54,0.09,0.0015408320493066256,0.5353535353535354,0.09,0.8142574045540147
Beauty & Hygiene,Bath & Hand Wash,₹200+,disinfectant,12,0.81,0.21,0.00847457627118644,0.8080808080808082,0.21,0.8769384523198083
Beauty & Hygiene,Bath & Hand Wash,₹200+,fortified,2,0.9,0.03,0.0007704160246533128,0.898989898989899,0.03,0.9568382982366033
Beauty & Hygiene,Bath & Hand Wash,₹200+,"fortified, herbal",1,0.32,0.18,0.0,0.31313131313131315,0.18,0.7145959595959597
Beauty & Hygiene,Bath & Hand Wash,₹200+,herbal,36,0.11,0.58,0.026964560862865947,0.10101010101010102,0.58,0.5295677110083891
Beauty & Hygiene,Bath & Hand Wash,₹200+,none,333,0.23,0.42,0.25577812018489987,0.22222222222222224,0.42,0.5204665297038178
Beauty & Hygiene,Bath & Hand Wash,₹200+,plant-based,8,0.43,0.89,0.00539291217257319,0.42424242424242425,0.89,0.5738276836158192
Beauty & Hygiene,Bath & Hand Wash,₹200+,"plant-based, herbal",1,0.82,0.82,0.0,0.8181818181818181,0.82,0.7313636363636363
Beauty & Hygiene,Bath & Hand Wash,₹200+,protein,1,0.86,0.34,0.0,0.8585858585858586,0.34,0.8655050505050506
Beauty & Hygiene,Bath & Hand Wash,₹51–100,disinfectant,3,0.01,0.26,0.0015408320493066256,0.0,0.26,0.5843836671802773
Beauty & Hygiene,Bath & Hand Wash,₹51–100,fortified,1,0.51,0.38,0.0,0.5050505050505051,0.38,0.7317676767676768
Beauty & Hygiene,Bath & Hand Wash,₹51–100,herbal,17,0.42,0.59,0.012326656394453005,0.41414141414141414,0.59,0.6425188323917138
Beauty & Hygiene,Bath & Hand Wash,₹51–100,none,126,0.22,0.27,0.0963020030816641,0.21212121212121213,0.27,0.6182216230097586
Beauty & Hygiene,Bath & Hand Wash,₹51–100,plant-based,7,0.12,0.62,0.004622496147919877,0.11111111111111112,0.62,0.5320398904297209
Beauty & Hygiene,Feminine Hygiene,₹101–200,herbal,3,0.34,0.41,0.0015408320493066256,0.33333333333333337,0.41,0.663550333846944
Beauty & Hygiene,Feminine Hygiene,₹101–200,none,47,0.94,0.55,0.03543913713405239,0.9393939393939393,0.55,0.8271122239342579
Beauty & Hygiene,Feminine Hygiene,₹1–50,herbal,7,0.32,0.44,0.004622496147919877,0.31313131313131315,0.44,0.6477469611367916
Beauty & Hygiene,Feminine Hygiene,₹1–50,none,16,0.52,0.29,0.011556240369799691,0.5151515151515151,0.29,0.7531805341551104
Beauty & Hygiene,Feminine Hygiene,₹200+,disinfectant,3,0.7,0.95,0.0015408320493066256,0.6969696969696969,0.95,0.6558230611196711
Beauty & Hygiene,Feminine Hygiene,₹200+,herbal,4,0.36,0.76,0.0023112480739599386,0.35353535353535354,0.76,0.5828128745077898
Beauty & Hygiene,Feminine Hygiene,₹200+,none,145,0.97,0.14,0.11093990755007704,0.9696969696969697,0.14,0.9100179763739086
Beauty & Hygiene,Feminine Hygiene,₹51–100,herbal,6,0.96,0.87,0.003852080123266564,0.9595959595959596,0.87,0.7668177538092792
Beauty & Hygiene,Feminine Hygiene,₹51–100,none,50,0.25,0.49,0.03775038520801233,0.24242424242424243,0.49,0.5972483307652799
Beauty & Hygiene,Fragrances & Deos,₹101–200,disinfectant,1,0.5,0.89,0.0,0.494949494949495,0.89,0.6007323232323233
Beauty & Hygiene,Fragrances & Deos,₹101–200,herbal,2,0.3,0.8,0.0007704160246533128,0.29292929292929293,0.8,0.5522170861153912
Beauty & Hygiene,Fragrances & Deos,₹101–200,none,114,0.28,0.43,0.08705701078582434,0.27272727272727276,0.43,0.6031317411402157
Beauty & Hygiene,Fragrances & Deos,₹1–50,none,3,0.04,0.02,0.0015408320493066256,0.030303030303030304,0.02,0.6549897277863379
Beauty & Hygiene,Fragrances & Deos,₹200+,herbal,27,0.61,0.27,0.020030816640986132,0.6060606060606061,0.27,0.7866088854648177
Beauty & Hygiene,Fragrances & Deos,₹200+,none,803,0.5,0.54,0.6178736517719569,0.494949494949495,0.54,0.4410828625235405
Beauty & Hygiene,Fragrances & Deos,₹51–100,none,17,0.05,0.63,0.012326656394453005,0.04040404040404041,0.63,0.501710751583633
Beauty & Hygiene,Hair Care,₹101–200,herbal,26,0.28,0.26,0.01926040061633282,0.27272727272727276,0.26,0.6727503852080123
Beauty & Hygiene,Hair Care,₹101–200,none,128,0.91,0.14,0.09784283513097072,0.9090909090909092,0.14,0.89404468412943
Beauty & Hygiene,Hair Care,₹101–200,plant-based,4,0.24,0.83,0.0023112480739599386,0.23232323232323232,0.83,0.5228886320835473
Beauty & Hygiene,Hair Care,₹101–200,protein,5,0.14,0.98,0.0030816640986132513,0.13131313131313133,0.98,0.4497269303201507
Beauty & Hygiene,Hair Care,₹101–200,"protein, herbal",1,0.49,0.53,0.0,0.48484848484848486,0.53,0.6871969696969698
Beauty & Hygiene,Hair Care,₹1–50,herbal,10,0.99,0.17,0.006933744221879815,0.98989898989899,0.17,0.9511911487758946
Beauty & Hygiene,Hair Care,₹1–50,none,34,0.24,0.27,0.025423728813559324,0.23232323232323232,0.27,0.6536436397877076
Beauty & Hygiene,Hair Care,₹1–50,plant-based,1,0.67,0.02,0.0,0.6666666666666667,0.02,0.8783333333333333
Beauty & Hygiene,Hair Care,₹200+,fortified,3,0.76,0.91,0.0015408320493066256,0.7575757575757576,0.91,0.6870351823317924
Beauty & Hygiene,Hair Care,₹200+,herbal,43,0.24,0.12,0.032357473035439135,0.23232323232323232,0.12,0.6883701420989556
Beauty & Hygiene,Hair Care,₹200+,none,532,0.73,0.58,0.4090909090909091,0.7272727272727273,0.58,0.5959090909090908
Beauty & Hygiene,Hair Care,₹200+,plant-based,10,0.37,0.27,0.006933744221879815,0.36363636363636365,0.27,0.7069992295839753
Beauty & Hygiene,Hair Care,₹200+,"probiotic, herbal",3,0.63,0.55,0.0015408320493066256,0.6262626262626263,0.55,0.7310755863721965
Beauty & Hygiene,Hair Care,₹200+,protein,8,0.63,0.65,0.00539291217257319,0.6262626262626263,0.65,0.7045347543228899
Beauty & Hygiene,Hair Care,₹200+,"protein, herbal",4,0.54,0.83,0.0023112480739599386,0.5353535353535354,0.83,0.6289492381441534
Beauty & Hygiene,Hair Care,₹51–100,herbal,14,0.09,0.21,0.010015408320493066,0.08080808080808081,0.21,0.621776664954631
Beauty & Hygiene,Hair Care,₹51–100,none,65,0.84,0.01,0.04930662557781202,0.8383838383838383,0.01,0.9212116932032186
Beauty & Hygiene,Hair Care,₹51–100,plant-based,1,0.32,0.14,0.0,0.31313131313131315,0.14,0.7245959595959596
Beauty & Hygiene,Hair Care,₹51–100,protein,5,0.19,0.9,0.0030816640986132513,0.18181818181818182,0.9,0.4874036979969184
Beauty & Hygiene,Health & Medicine,₹101–200,disinfectant,5,0.04,0.87,0.0030816640986132513,0.030303030303030304,0.87,0.4418733949666154
Beauty & Hygiene,Health & Medicine,₹101–200,fortified,1,0.59,0.6,0.0,0.5858585858585859,0.6,0.705050505050505
Beauty & Hygiene,Health & Medicine,₹101–200,"fortified, herbal",1,0.68,0.6,0.0,0.6767676767676768,0.6,0.7368686868686869
Beauty & Hygiene,Health & Medicine,₹101–200,herbal,32,0.02,0.67,0.023882896764252697,0.010101010101010102,0.67,0.4764821948296525
Beauty & Hygiene,Health & Medicine,₹101–200,none,272,0.51,0.18,0.20878274268104777,0.5050505050505051,0.18,0.6982545796952577
Beauty & Hygiene,Health & Medicine,₹101–200,plant-based,1,0.23,0.91,0.0,0.22222222222222224,0.91,0.5002777777777778
Beauty & Hygiene,Health & Medicine,₹1–50,herbal,3,0.65,0.42,0.0015408320493066256,0.6464646464646465,0.42,0.7706462934429037
Beauty & Hygiene,Health & Medicine,₹1–50,none,48,0.17,0.38,0.0362095531587057,0.16161616161616163,0.38,0.5970818353021744
Beauty & Hygiene,Health & Medicine,₹200+,disinfectant,14,0.69,0.52,0.010015408320493066,0.6868686868686869,0.52,0.7563978770758432
Beauty & Hygiene,Health & Medicine,₹200+,fortified,20,0.39,0.05,0.014637904468412942,0.38383838383838387,0.05,0.7659882725560692
Beauty & Hygiene,Health & Medicine,₹200+,"fortified, herbal",2,0.94,0.17,0.0007704160246533128,0.9393939393939393,0.17,0.9359797123780175
Beauty & Hygiene,Health & Medicine,₹200+,"fortified, protein",1,0.14,0.74,0.0,0.13131313131313133,0.74,0.5109595959595961
Beauty & Hygiene,Health & Medicine,₹200+,herbal,37,0.34,0.08,0.02773497688751926,0.33333333333333337,0.08,0.735572675911659
Beauty & Hygiene,Health & Medicine,₹200+,low cal,5,0.11,0.6,0.0030816640986132513,0.10101010101010102,0.6,0.5341208697140901
Beauty & Hygiene,Health & Medicine,₹200+,"low cal, herbal",1,0.92,0.25,0.0,0.9191919191919192,0.25,0.9092171717171718
Beauty & Hygiene,Health & Medicine,₹200+,none,462,0.88,0.39,0.3551617873651772,0.8787878787878788,0.39,0.7180110426296867
Beauty & Hygiene,Health & Medicine,₹200+,plant-based,2,0.26,0.29,0.0007704160246533128,0.25252525252525254,0.29,0.6655756719739772
Beauty & Hygiene,Health & Medicine,₹200+,"plant-based, fortified",1,0.66,0.36,0.0,0.6565656565656566,0.36,0.7897979797979798
Beauty & Hygiene,Health & Medicine,₹200+,"plant-based, herbal",1,0.82,0.72,0.0,0.8181818181818181,0.72,0.7563636363636363
Beauty & Hygiene,Health & Medicine,₹200+,probiotic,1,0.56,0.3,0.0,0.5555555555555556,0.3,0.7694444444444444
Beauty & Hygiene,Health & Medicine,₹200+,protein,13,0.53,0.57,0.009244992295839754,0.5252525252525253,0.57,0.687640386920048
Beauty & Hygiene,Health & Medicine,₹200+,sugar-free,1,0.24,0.48,0.0,0.23232323232323232,0.48,0.6113131313131314
Beauty & Hygiene,Health & Medicine,₹200+,"sugar-free, herbal",1,0.09,0.66,0.0,0.08080808080808081,0.66,0.5132828282828283
Beauty & Hygiene,Health & Medicine,₹200+,"sugar-free, protein",1,0.9,0.94,0.0,0.898989898989899,0.94,0.7296464646464647
Beauty & Hygiene,Health & Medicine,₹51–100,fortified,1,0.9,0.73,0.0,0.898989898989899,0.73,0.7821464646464646
Beauty & Hygiene,Health & Medicine,₹51–100,herbal,21,0.63,0.21,0.015408320493066256,0.6262626262626263,0.21,0.8105285909946927
Beauty & Hygiene,Health & Medicine,₹51–100,"herbal, disinfectant",1,0.34,0.03,0.0,0.33333333333333337,0.03,0.7591666666666668
Beauty & Hygiene,Health & Medicine,₹51–100,none,138,0.35,0.26,0.10554699537750385,0.3434343434343434,0.26,0.6629832220510187
Beauty & Hygiene,Health & Medicine,₹51–100,plant-based,1,0.73,0.6,0.0,0.7272727272727273,0.6,0.7545454545454545
Beauty & Hygiene,Makeup,₹101–200,herbal,3,0.9,0.05,0.0015408320493066256,0.898989898989899,0.05,0.951530131826742
Beauty & Hygiene,Makeup,₹101–200,none,8,0.89,0.5,0.00539291217257319,0.888888888888889,0.5,0.8339539462420819
Beauty & Hygiene,Makeup,₹1–50,none,1,0.78,0.6,0.0,0.7777777777777778,0.6,0.7722222222222223
Beauty & Hygiene,Makeup,₹200+,herbal,3,0.64,0.33,0.0015408320493066256,0.6363636363636364,0.33,0.78961093990755
Beauty & Hygiene,Makeup,₹200+,none,31,0.08,0.77,0.023112480739599383,0.07070707070707072,0.77,0.473002482451635
Beauty & Hygiene,Makeup,₹51–100,none,2,0.16,0.11,0.0007704160246533128,0.15151515151515152,0.11,0.6752221366204417
Beauty & Hygiene,Men's Grooming,₹101–200,disinfectant,1,0.9,0.08,0.0,0.898989898989899,0.08,0.9446464646464646
Beauty & Hygiene,Men's Grooming,₹101–200,fortified,3,0.61,0.73,0.0015408320493066256,0.6060606060606061,0.73,0.6790048793014895
Beauty & Hygiene,Men's Grooming,₹101–200,herbal,3,0.01,0.5,0.0015408320493066256,0.0,0.5,0.5243836671802773
Beauty & Hygiene,Men's Grooming,₹101–200,none,163,0.1,0.69,0.12480739599383667,0.09090909090909093,0.69,0.45939522342064715
Beauty & Hygiene,Men's Grooming,₹1–50,none,26,0.66,0.43,0.01926040061633282,0.6565656565656566,0.43,0.7645938195514468
Beauty & Hygiene,Men's Grooming,₹200+,fortified,12,0.01,0.25,0.00847457627118644,0.0,0.25,0.5841101694915254
Beauty & Hygiene,Men's Grooming,₹200+,"fortified, herbal",1,0.16,0.82,0.0,0.15151515151515152,0.82,0.49803030303030305
Beauty & Hygiene,Men's Grooming,₹200+,herbal,16,0.55,0.8,0.011556240369799691,0.5454545454545455,0.8,0.6362865947611711
Beauty & Hygiene,Men's Grooming,₹200+,none,495,0.69,0.69,0.38058551617873654,0.6868686868686869,0.69,0.5656698339325458
Beauty & Hygiene,Men's Grooming,₹200+,plant-based,5,0.65,0.27,0.0030816640986132513,0.6464646464646465,0.27,0.807529960623181
Beauty & Hygiene,Men's Grooming,₹51–100,herbal,2,0.22,0.59,0.0007704160246533128,0.21212121212121213,0.59,0.576434257832563
Beauty & Hygiene,Men's Grooming,₹51–100,none,63,0.71,0.36,0.04776579352850539,0.7070707070707071,0.36,0.7883684300633453
Beauty & Hygiene,Men's Grooming,₹51–100,protein,1,0.24,0.09,0.0,0.23232323232323232,0.09,0.7088131313131314
Beauty & Hygiene,Mothers & Maternity,₹101–200,none,1,0.33,0.92,0.0,0.32323232323232326,0.92,0.5331313131313131
Beauty & Hygiene,Mothers & Maternity,₹200+,none,3,0.75,0.14,0.0015408320493066256,0.7474747474747475,0.14,0.8759998287964389
Beauty & Hygiene,Mothers & Maternity,₹51–100,none,1,0.65,0.95,0.0,0.6464646464646465,0.95,0.6387626262626263
Beauty & Hygiene,Oral Care,₹101–200,herbal,5,0.85,0.45,0.0030816640986132513,0.8484848484848485,0.45,0.8332370313302517
Beauty & Hygiene,Oral Care,₹101–200,none,61,0.66,0.19,0.046224961479198766,0.6565656565656566,0.19,0.8138079952063003
Beauty & Hygiene,Oral Care,₹1–50,herbal,6,0.57,0.54,0.003852080123266564,0.5656565656565656,0.54,0.7114389659304914
Beauty & Hygiene,Oral Care,₹1–50,none,32,0.09,0.87,0.023882896764252697,0.08080808080808081,0.87,0.4512296695771273
Beauty & Hygiene,Oral Care,₹200+,fortified,1,0.37,0.73,0.0,0.36363636363636365,0.73,0.5947727272727273
Beauty & Hygiene,Oral Care,₹200+,herbal,7,0.27,0.81,0.004622496147919877,0.26262626262626265,0.81,0.537570193460024
Beauty & Hygiene,Oral Care,₹200+,none,68,0.24,0.66,0.05161787365177196,0.23232323232323232,0.66,0.5456659818524225
Beauty & Hygiene,Oral Care,₹51–100,fortified,1,0.97,0.69,0.0,0.9696969696969697,0.69,0.8168939393939394
Beauty & Hygiene,Oral Care,₹51–100,herbal,4,0.39,0.85,0.0023112480739599386,0.38383838383838387,0.85,0.5709189351138504
Beauty & Hygiene,Oral Care,₹51–100,none,83,0.89,0.25,0.06317411402157165,0.888888888888889,0.25,0.8733414655024825
Beauty & Hygiene,Skin Care,₹101–200,disinfectant,4,0.63,0.49,0.0023112480739599386,0.6262626262626263,0.49,0.7457674199623352
Beauty & Hygiene,Skin Care,₹101–200,fortified,14,0.79,0.22,0.010015408320493066,0.787878787878788,0.22,0.8667514124293785
Beauty & Hygiene,Skin Care,₹101–200,"fortified, herbal",1,0.5,0.99,0.0,0.494949494949495,0.99,0.5757323232323233
Beauty & Hygiene,Skin Care,₹101–200,herbal,59,0.58,0.94,0.04468412942989214,0.5757575757575757,0.94,0.5986414997431947
Beauty & Hygiene,Skin Care,₹101–200,"herbal, disinfectant",1,0.49,0.04,0.0,0.48484848484848486,0.04,0.8096969696969697
Beauty & Hygiene,Skin Care,₹101–200,none,352,0.2,0.71,0.27041602465331277,0.19191919191919193,0.71,0.4315053073103921
Beauty & Hygiene,Skin Care,₹101–200,plant-based,5,0.72,0.93,0.0030816640986132513,0.7171717171717171,0.93,0.6672774353706556
Beauty & Hygiene,Skin Care,₹101–200,protein,1,0.28,0.18,0.0,0.27272727272727276,0.18,0.7004545454545454
Beauty & Hygiene,Skin Care,₹1–50,herbal,7,0.02,0.57,0.004622496147919877,0.010101010101010102,0.57,0.5091863550761856
Beauty & Hygiene,Skin Care,₹1–50,none,29,0.65,0.92,0.02157164869029276,0.6464646464646465,0.92,0.6376339667865092
Beauty & Hygiene,Skin Care,₹1–50,"plant-based, herbal",1,0.18,0.03,0.0,0.1717171717171717,0.03,0.7026010101010101
Beauty & Hygiene,Skin Care,₹200+,disinfectant,1,0.94,0.7,0.0,0.9393939393939393,0.7,0.8037878787878787
Beauty & Hygiene,Skin Care,₹200+,fortified,65,0.95,0.3,0.04930662557781202,0.9494949494949495,0.3,0.8876005820921076
Beauty & Hygiene,Skin Care,₹200+,"fortified, herbal",8,0.91,0.92,0.00539291217257319,0.9090909090909092,0.92,0.736024653312789
Beauty & Hygiene,Skin Care,₹200+,herbal,99,0.37,0.97,0.07550077041602465,0.36363636363636365,0.97,0.5045724191063174
Beauty & Hygiene,Skin Care,₹200+,none,1299,0.02,0.94,1.0,0.010101010101010102,0.94,0.01853535353535355
Beauty & Hygiene,Skin Care,₹200+,plant-based,29,0.93,0.47,0.02157164869029276,0.9292929292929294,0.47,0.8491238657764082
Beauty & Hygiene,Skin Care,₹200+,"plant-based, herbal",3,0.43,0.86,0.0015408320493066256,0.42424242424242425,0.86,0.5828685156651259
Beauty & Hygiene,Skin Care,₹200+,protein,3,0.97,0.84,0.0015408320493066256,0.9696969696969697,0.84,0.7787776065742167
Beauty & Hygiene,Skin Care,₹51–100,fortified,2,0.96,0.32,0.0007704160246533128,0.9595959595959596,0.32,0.9055504194487245
Beauty & Hygiene,Skin Care,₹51–100,herbal,23,0.85,0.83,0.01694915254237288,0.8484848484848485,0.83,0.7326900359527477
Beauty & Hygiene,Skin Care,₹51–100,none,154,0.29,0.04,0.11787365177195686,0.2828282828282828,0.04,0.6918404382811163
Beauty & Hygiene,Skin Care,₹51–100,plant-based,4,0.39,0.6,0.0023112480739599386,0.38383838383838387,0.6,0.6334189351138504
Beverages,Coffee,₹101–200,none,26,0.85,0.23,0.15625,0.8484848484848485,0.23,0.826969696969697
Beverages,Coffee,₹1–50,none,7,0.32,0.12,0.0375,0.31313131313131315,0.12,0.7145959595959596
Beverages,Coffee,₹200+,none,33,0.17,0.08,0.2,0.16161616161616163,0.08,0.6065656565656566
Beverages,Coffee,₹51–100,none,17,0.56,0.7,0.1,0.5555555555555556,0.7,0.6294444444444445
Beverages,Energy & Soft Drinks,₹101–200,herbal,3,0.94,0.34,0.0125,0.9393939393939393,0.34,0.8887878787878787
Beverages,Energy & Soft Drinks,₹101–200,none,22,0.7,0.72,0.13125,0.6969696969696969,0.72,0.6614393939393939
Beverages,Energy & Soft Drinks,₹101–200,sugar-free,2,0.57,0.07,0.00625,0.5656565656565656,0.07,0.827979797979798
Beverages,Energy & Soft Drinks,₹1–50,none,30,0.1,0.32,0.18125,0.09090909090909093,0.32,0.5293181818181818
Beverages,Energy & Soft Drinks,₹200+,herbal,1,0.62,0.54,0.0,0.6161616161616161,0.54,0.7306565656565657
Beverages,Energy & Soft Drinks,₹200+,none,16,0.99,0.79,0.09375,0.98989898989899,0.79,0.7614646464646465
Beverages,Energy & Soft Drinks,₹51–100,none,17,0.14,0.32,0.1,0.13131313131313133,0.32,0.575959595959596
Beverages,Energy & Soft Drinks,₹51–100,sugar-free,5,0.52,0.63,0.025,0.5151515151515151,0.63,0.6628030303030303
Beverages,Fruit Juices & Drinks,₹101–200,low cal,1,0.88,0.89,0.0,0.8787878787878788,0.89,0.7350757575757575
Beverages,Fruit Juices & Drinks,₹101–200,none,66,0.74,0.62,0.40625,0.7373737373737373,0.62,0.590580808080808
Beverages,Fruit Juices & Drinks,₹101–200,sugar-free,2,0.7,0.23,0.00625,0.6969696969696969,0.23,0.8339393939393939
Beverages,Fruit Juices & Drinks,₹1–50,none,34,0.7,0.02,0.20625,0.6969696969696969,0.02,0.8064393939393939
Beverages,Fruit Juices & Drinks,₹1–50,sugar-free,3,0.36,0.87,0.0125,0.35353535353535354,0.87,0.5512373737373737
Beverages,Fruit Juices & Drinks,₹200+,herbal,2,0.29,0.02,0.00625,0.2828282828282828,0.02,0.741489898989899
Beverages,Fruit Juices & Drinks,₹200+,none,84,0.81,0.87,0.51875,0.8080808080808082,0.87,0.5078282828282829
Beverages,Fruit Juices & Drinks,₹200+,sugar-free,8,0.81,0.53,0.04375,0.8080808080808082,0.53,0.7828282828282829
Beverages,Fruit Juices & Drinks,₹200+,"sugar-free, herbal",1,0.87,0.94,0.0,0.8686868686868687,0.94,0.719040404040404
Beverages,Fruit Juices & Drinks,₹51–100,none,22,0.91,0.8,0.13125,0.9090909090909092,0.8,0.7156818181818183
Beverages,Fruit Juices & Drinks,₹51–100,sugar-free,3,0.51,1.0,0.0125,0.5050505050505051,1.0,0.5717676767676768
Beverages,Fruit Juices & Drinks,₹51–100,"sugar-free, herbal",5,0.5,0.35,0.025,0.494949494949495,0.35,0.7257323232323233
Beverages,"Health Drink, Supplement",₹101–200,fortified,1,0.8,0.77,0.0,0.797979797979798,0.77,0.7367929292929293
Beverages,"Health Drink, Supplement",₹101–200,herbal,1,0.65,0.4,0.0,0.6464646464646465,0.4,0.7762626262626263
Beverages,"Health Drink, Supplement",₹101–200,none,16,0.7,0.48,0.09375,0.6969696969696969,0.48,0.736439393939394
Beverages,"Health Drink, Supplement",₹101–200,protein,2,0.8,0.63,0.00625,0.797979797979798,0.63,0.7692929292929294
Beverages,"Health Drink, Supplement",₹1–50,fortified,1,0.89,0.87,0.0,0.888888888888889,0.87,0.7436111111111111
Beverages,"Health Drink, Supplement",₹1–50,none,1,0.34,0.98,0.0,0.33333333333333337,0.98,0.5216666666666667
Beverages,"Health Drink, Supplement",₹200+,low cal,1,0.38,0.77,0.0,0.37373737373737376,0.77,0.5883080808080808
Beverages,"Health Drink, Supplement",₹200+,none,59,0.09,0.42,0.3625,0.08080808080808081,0.42,0.4282828282828283
Beverages,"Health Drink, Supplement",₹200+,protein,4,0.58,0.42,0.01875,0.5757575757575757,0.42,0.7390151515151515
Beverages,"Health Drink, Supplement",₹51–100,none,5,0.04,0.74,0.025,0.030303030303030304,0.74,0.46560606060606063
Beverages,Tea,₹101–200,"fortified, herbal",1,0.47,0.24,0.0,0.46464646464646464,0.24,0.7526262626262625
Beverages,Tea,₹101–200,herbal,8,0.54,0.11,0.04375,0.5353535353535354,0.11,0.7923737373737375
Beverages,Tea,₹101–200,none,89,0.29,0.35,0.55,0.2828282828282828,0.35,0.441489898989899
Beverages,Tea,₹1–50,none,2,0.59,0.29,0.00625,0.5858585858585859,0.29,0.7800505050505051
Beverages,Tea,₹200+,fortified,1,0.03,0.3,0.0,0.0202020202020202,0.3,0.5820707070707071
Beverages,Tea,₹200+,herbal,15,0.04,0.23,0.0875,0.030303030303030304,0.23,0.5681060606060606
Beverages,Tea,₹200+,none,161,0.82,0.04,1.0,0.8181818181818181,0.04,0.5263636363636364
Beverages,Tea,₹51–100,fortified,1,0.36,0.02,0.0,0.35353535353535354,0.02,0.7687373737373737
Beverages,Tea,₹51–100,herbal,2,0.13,0.99,0.00625,0.12121212121212123,0.99,0.44242424242424244
Beverages,Tea,₹51–100,none,32,0.52,0.43,0.19375,0.5151515151515151,0.43,0.6453030303030303
Beverages,Water,₹1–50,fortified,1,0.77,0.38,0.0,0.7676767676767677,0.38,0.8236868686868688
Beverages,Water,₹1–50,none,3,0.22,0.68,0.0125,0.21212121212121213,0.68,0.5492424242424242
Beverages,Water,₹200+,none,4,0.62,0.22,0.01875,0.6161616161616161,0.22,0.8031565656565656
Beverages,Water,₹51–100,herbal,2,0.09,0.95,0.00625,0.08080808080808081,0.95,0.43828282828282833
Beverages,Water,₹51–100,none,1,0.05,0.79,0.0,0.04040404040404041,0.79,0.46664141414141413
Cleaning & Household,All Purpose Cleaners,₹101–200,disinfectant,33,0.53,0.09,0.15311004784688995,0.5252525252525253,0.09,0.7500943646996279
Cleaning & Household,All Purpose Cleaners,₹101–200,herbal,3,0.54,0.42,0.009569377990430622,0.5353535353535354,0.42,0.7285459861775652
Cleaning & Household,All Purpose Cleaners,₹101–200,none,85,0.64,0.88,0.4019138755980861,0.6363636363636364,0.88,0.49196172248803827
Cleaning & Household,All Purpose Cleaners,₹1–50,disinfectant,6,0.73,0.94,0.023923444976076555,0.7272727272727273,0.94,0.6599760765550239
Cleaning & Household,All Purpose Cleaners,₹1–50,herbal,3,0.98,0.47,0.009569377990430622,0.9797979797979798,0.47,0.8716015417331207
Cleaning & Household,All Purpose Cleaners,₹1–50,none,13,0.52,0.61,0.05741626794258373,0.5151515151515151,0.61,0.6548365231259968
Cleaning & Household,All Purpose Cleaners,₹200+,disinfectant,53,0.32,0.17,0.24880382775119617,0.31313131313131315,0.17,0.6175744284954812
Cleaning & Household,All Purpose Cleaners,₹200+,herbal,8,0.8,0.99,0.03349282296650718,0.797979797979798,0.99,0.6683958001063264
Cleaning & Household,All Purpose Cleaners,₹200+,none,190,0.27,0.23,0.9043062200956937,0.26262626262626265,0.23,0.3226967038809144
Cleaning & Household,All Purpose Cleaners,₹51–100,disinfectant,18,0.44,0.94,0.08133971291866028,0.43434343434343436,0.94,0.534484316852738
Cleaning & Household,All Purpose Cleaners,₹51–100,herbal,6,0.08,0.65,0.023923444976076555,0.07070707070707072,0.65,0.5026780967570441
Cleaning & Household,All Purpose Cleaners,₹51–100,"herbal, disinfectant",1,0.03,0.61,0.0,0.0202020202020202,0.61,0.5045707070707071
Cleaning & Household,All Purpose Cleaners,₹51–100,none,31,0.96,0.51,0.14354066985645933,0.9595959595959596,0.51,0.8009423179160022
Cleaning & Household,Bins & Bathroom Ware,₹101–200,none,84,0.84,0.23,0.39712918660287083,0.8383838383838383,0.23,0.727082668793195
Cleaning & Household,Bins & Bathroom Ware,₹1–50,none,18,0.7,0.18,0.08133971291866028,0.6969696969696969,0.18,0.8164035087719299
Cleaning & Household,Bins & Bathroom Ware,₹200+,none,210,0.41,0.22,1.0,0.40404040404040403,0.22,0.3364141414141414
Cleaning & Household,Bins & Bathroom Ware,₹51–100,none,42,0.17,0.19,0.19617224880382775,0.16161616161616163,0.19,0.5805967570441255
Cleaning & Household,Car & Shoe Care,₹101–200,none,17,0.16,0.78,0.07655502392344497,0.15151515151515152,0.78,0.47740829346092506
Cleaning & Household,Car & Shoe Care,₹1–50,none,2,0.25,0.35,0.004784688995215311,0.24242424242424243,0.35,0.6454346092503987
Cleaning & Household,Car & Shoe Care,₹200+,none,18,0.55,0.06,0.08133971291866028,0.5454545454545455,0.06,0.7933732057416268
Cleaning & Household,Car & Shoe Care,₹51–100,none,11,0.71,0.97,0.04784688995215311,0.7070707070707071,0.97,0.6358359914938863
Cleaning & Household,Detergents & Dishwash,₹101–200,disinfectant,1,0.66,0.88,0.0,0.6565656565656566,0.88,0.6597979797979798
Cleaning & Household,Detergents & Dishwash,₹101–200,herbal,2,0.28,0.93,0.004784688995215311,0.27272727272727276,0.93,0.5110406698564594
Cleaning & Household,Detergents & Dishwash,₹101–200,none,43,0.95,0.99,0.20095693779904306,0.9494949494949495,0.99,0.6544404572036151
Cleaning & Household,Detergents & Dishwash,₹1–50,herbal,1,0.74,0.17,0.0,0.7373737373737373,0.17,0.8655808080808081
Cleaning & Household,Detergents & Dishwash,₹1–50,none,27,0.55,0.4,0.12440191387559808,0.5454545454545455,0.4,0.6911483253588517
Cleaning & Household,Detergents & Dishwash,₹200+,disinfectant,5,0.61,0.76,0.019138755980861243,0.6060606060606061,0.76,0.6644657097288678
Cleaning & Household,Detergents & Dishwash,₹200+,fortified,1,0.42,0.7,0.0,0.41414141414141414,0.7,0.619949494949495
Cleaning & Household,Detergents & Dishwash,₹200+,herbal,2,0.25,0.15,0.004784688995215311,0.24242424242424243,0.15,0.6954346092503987
Cleaning & Household,Detergents & Dishwash,₹200+,none,120,0.36,0.82,0.569377990430622,0.35353535353535354,0.82,0.34098617756512495
Cleaning & Household,Detergents & Dishwash,₹200+,plant-based,4,0.76,0.22,0.014354066985645933,0.7575757575757576,0.22,0.8544098883572568
Cleaning & Household,Detergents & Dishwash,₹200+,"probiotic, herbal",1,0.01,0.22,0.0,0.0,0.22,0.595
Cleaning & Household,Detergents & Dishwash,₹51–100,herbal,2,0.12,0.54,0.004784688995215311,0.11111111111111112,0.54,0.5519750132908028
Cleaning & Household,Detergents & Dishwash,₹51–100,none,32,0.05,0.59,0.14832535885167464,0.04040404040404041,0.59,0.4573112706007443
Cleaning & Household,"Disposables, Garbage Bag",₹101–200,none,42,0.04,0.58,0.19617224880382775,0.030303030303030304,0.58,0.4371371610845295
Cleaning & Household,"Disposables, Garbage Bag",₹1–50,none,16,0.86,0.09,0.07177033492822966,0.8585858585858586,0.09,0.8992969165337587
Cleaning & Household,"Disposables, Garbage Bag",₹200+,disinfectant,3,0.7,0.88,0.009569377990430622,0.6969696969696969,0.88,0.6701116427432217
Cleaning & Household,"Disposables, Garbage Bag",₹200+,none,64,0.47,0.27,0.3014354066985646,0.46464646464646464,0.27,0.6245520999468368
Cleaning & Household,"Disposables, Garbage Bag",₹51–100,none,36,0.1,0.13,0.1674641148325359,0.09090909090909093,0.13,0.5823325358851674
Cleaning & Household,Fresheners & Repellents,₹101–200,disinfectant,3,0.49,0.89,0.009569377990430622,0.48484848484848486,0.89,0.5933692185007974
Cleaning & Household,Fresheners & Repellents,₹101–200,herbal,12,0.47,0.96,0.05263157894736842,0.46464646464646464,0.96,0.5515736310473154
Cleaning & Household,Fresheners & Repellents,₹101–200,none,71,0.17,0.86,0.3349282296650718,0.16161616161616163,0.86,0.3575943646996279
Cleaning & Household,Fresheners & Repellents,₹1–50,herbal,1,0.43,0.81,0.0,0.42424242424242425,0.81,0.5959848484848485
Cleaning & Household,Fresheners & Repellents,₹1–50,none,22,0.4,0.66,0.10047846889952153,0.393939393939394,0.66,0.5826874003189793
Cleaning & Household,Fresheners & Repellents,₹1–50,"plant-based, fortified",1,0.62,0.55,0.0,0.6161616161616161,0.55,0.7281565656565656
Cleaning & Household,Fresheners & Repellents,₹200+,herbal,14,0.64,0.09,0.06220095693779904,0.6363636363636364,0.09,0.8253468899521532
Cleaning & Household,Fresheners & Repellents,₹200+,none,71,0.05,0.41,0.3349282296650718,0.04040404040404041,0.41,0.4276701222753855
Cleaning & Household,Fresheners & Repellents,₹51–100,herbal,14,0.37,0.37,0.06220095693779904,0.36363636363636365,0.37,0.6598923444976077
Cleaning & Household,Fresheners & Repellents,₹51–100,none,56,0.63,0.26,0.2631578947368421,0.6262626262626263,0.26,0.6989287612971824
Cleaning & Household,"Mops, Brushes & Scrubs",₹101–200,none,111,0.5,0.72,0.5263157894736842,0.494949494949495,0.72,0.4327060074428496
Cleaning & Household,"Mops, Brushes & Scrubs",₹1–50,none,26,0.86,0.5,0.11961722488038277,0.8585858585858586,0.5,0.7776581605528974
Cleaning & Household,"Mops, Brushes & Scrubs",₹200+,none,144,0.66,0.08,0.6842105263157895,0.6565656565656566,0.08,0.586113769271664
Cleaning & Household,"Mops, Brushes & Scrubs",₹51–100,none,64,0.16,0.22,0.3014354066985646,0.15151515151515152,0.22,0.5274561403508773
Cleaning & Household,Party & Festive Needs,₹101–200,none,12,0.07,0.68,0.05263157894736842,0.060606060606060615,0.68,0.4801594896331739
Cleaning & Household,Party & Festive Needs,₹1–50,none,15,0.64,0.08,0.06698564593301436,0.6363636363636364,0.08,0.825933014354067
Cleaning & Household,Party & Festive Needs,₹200+,none,10,0.03,0.85,0.0430622009569378,0.0202020202020202,0.85,0.427345826687932
Cleaning & Household,Party & Festive Needs,₹51–100,none,9,0.59,0.5,0.03827751196172249,0.5858585858585859,0.5,0.7147395002658161
Cleaning & Household,Pooja Needs,₹101–200,herbal,1,0.94,0.48,0.0,0.9393939393939393,0.48,0.8587878787878788
Cleaning & Household,Pooja Needs,₹101–200,none,29,0.58,0.59,0.1339712918660287,0.5757575757575757,0.59,0.65042663476874
Cleaning & Household,Pooja Needs,₹1–50,herbal,9,0.39,0.82,0.03827751196172249,0.38383838383838387,0.82,0.5640324295587454
Cleaning & Household,Pooja Needs,₹1–50,none,52,0.64,0.35,0.24401913875598086,0.6363636363636364,0.35,0.6876196172248804
Cleaning & Household,Pooja Needs,₹200+,none,90,0.46,0.68,0.4258373205741627,0.4545454545454546,0.68,0.46875598086124404
Cleaning & Household,Pooja Needs,₹51–100,herbal,7,0.55,0.57,0.028708133971291867,0.5454545454545455,0.57,0.6869258373205742
Cleaning & Household,Pooja Needs,₹51–100,none,59,0.94,0.27,0.27751196172248804,0.9393939393939393,0.27,0.8002830940988835
Cleaning & Household,Stationery,₹101–200,none,116,0.39,0.88,0.5502392344497608,0.38383838383838387,0.88,0.34424774056353
Cleaning & Household,Stationery,₹1–50,none,74,0.96,0.8,0.3492822966507177,0.9595959595959596,0.8,0.6461456671982988
Cleaning & Household,Stationery,₹200+,none,94,0.91,0.66,0.4449760765550239,0.9090909090909092,0.66,0.6251913875598085
Cleaning & Household,Stationery,₹51–100,none,104,0.2,0.85,0.49282296650717705,0.19191919191919193,0.85,0.3075425305688464
"Eggs, Meat & Fish",Eggs,₹101–200,none,10,0.07,0.87,0.07317073170731707,0.060606060606060615,0.87,0.4244438285291945
"Eggs, Meat & Fish",Eggs,₹200+,none,5,0.1,0.71,0.032520325203252036,0.09090909090909093,0.71,0.491310051736881
"Eggs, Meat & Fish",Eggs,₹51–100,none,19,0.02,0.84,0.14634146341463414,0.010101010101010102,0.84,0.38499876816949996
"Eggs, Meat & Fish",Fish & Seafood,₹101–200,none,31,0.09,0.7,0.24390243902439024,0.08080808080808081,0.7,0.40572185267307226
"Eggs, Meat & Fish",Fish & Seafood,₹101–200,plant-based,1,0.68,0.68,0.0,0.6767676767676768,0.68,0.7168686868686869
"Eggs, Meat & Fish",Fish & Seafood,₹1–50,none,3,0.07,0.62,0.016260162601626018,0.060606060606060615,0.62,0.5097080561714709
"Eggs, Meat & Fish",Fish & Seafood,₹200+,none,79,0.32,0.75,0.6341463414634146,0.31313131313131315,0.75,0.31843742301059375
"Eggs, Meat & Fish",Fish & Seafood,₹51–100,herbal,2,0.84,0.16,0.008130081300813009,0.8383838383838383,0.16,0.9001823109140181
"Eggs, Meat & Fish",Fish & Seafood,₹51–100,none,15,0.02,0.88,0.11382113821138211,0.010101010101010102,0.88,0.3880068982508007
"Eggs, Meat & Fish",Marinades,₹200+,none,1,0.81,0.87,0.0,0.8080808080808082,0.87,0.7153282828282828
"Eggs, Meat & Fish",Mutton & Lamb,₹200+,none,19,0.28,0.03,0.14634146341463414,0.27272727272727276,0.03,0.6794179600886918
"Eggs, Meat & Fish",Pork & Other Meats,₹200+,none,5,0.12,0.83,0.032520325203252036,0.11111111111111112,0.83,0.4683807588075881
"Eggs, Meat & Fish","Sausages, Bacon & Salami",₹101–200,none,30,0.7,0.13,0.23577235772357724,0.6969696969696969,0.13,0.767130450849963
"Eggs, Meat & Fish","Sausages, Bacon & Salami",₹200+,none,124,0.63,0.34,1.0,0.6262626262626263,0.34,0.3841919191919192
"Eggs, Meat & Fish","Sausages, Bacon & Salami",₹51–100,none,1,0.88,0.74,0.0,0.8787878787878788,0.74,0.7725757575757575
"Foodgrains, Oil & Masala","Atta, Flours & Sooji",₹101–200,none,23,0.74,0.16,0.06962025316455696,0.7373737373737373,0.16,0.8402327068149853
"Foodgrains, Oil & Masala","Atta, Flours & Sooji",₹1–50,none,22,0.8,0.82,0.06645569620253164,0.797979797979798,0.82,0.6977106508119166
"Foodgrains, Oil & Masala","Atta, Flours & Sooji",₹200+,fortified,3,0.28,0.83,0.006329113924050633,0.27272727272727276,0.83,0.5354228998849252
"Foodgrains, Oil & Masala","Atta, Flours & Sooji",₹200+,none,30,0.18,0.51,0.09177215189873418,0.1717171717171717,0.51,0.5458921493415164
"Foodgrains, Oil & Masala","Atta, Flours & Sooji",₹51–100,none,56,0.75,0.01,0.17405063291139242,0.7474747474747475,0.01,0.8394959084516047
"Foodgrains, Oil & Masala",Baby Food & Formula,₹200+,none,1,0.81,0.29,0.0,0.8080808080808082,0.29,0.8603282828282828
"Foodgrains, Oil & Masala",Dals & Pulses,₹101–200,none,74,0.99,0.62,0.2310126582278481,0.98989898989899,0.62,0.7490595831735072
"Foodgrains, Oil & Masala",Dals & Pulses,₹1–50,none,19,0.41,0.98,0.056962025316455694,0.40404040404040403,0.98,0.5236293312875592
"Foodgrains, Oil & Masala",Dals & Pulses,₹1–50,protein,2,0.37,0.63,0.0031645569620253164,0.36363636363636365,0.63,0.6185069044879172
"Foodgrains, Oil & Masala",Dals & Pulses,₹200+,herbal,1,0.78,0.26,0.0,0.7777777777777778,0.26,0.8572222222222223
"Foodgrains, Oil & Masala",Dals & Pulses,₹200+,none,31,0.34,0.63,0.0949367088607595,0.33333333333333337,0.63,0.5711919831223629
"Foodgrains, Oil & Masala",Dals & Pulses,₹51–100,low cal,1,0.93,0.54,0.0,0.9292929292929294,0.54,0.8402525252525253
"Foodgrains, Oil & Masala",Dals & Pulses,₹51–100,none,46,0.86,0.78,0.14240506329113925,0.8585858585858586,0.78,0.6985430251885949
"Foodgrains, Oil & Masala",Dry Fruits,₹101–200,herbal,1,0.43,0.11,0.0,0.42424242424242425,0.11,0.7709848484848485
"Foodgrains, Oil & Masala",Dry Fruits,₹101–200,none,71,0.75,0.76,0.22151898734177214,0.7474747474747475,0.76,0.6330085666794529
"Foodgrains, Oil & Masala",Dry Fruits,₹101–200,plant-based,1,0.75,0.54,0.0,0.7474747474747475,0.54,0.7766161616161616
"Foodgrains, Oil & Masala",Dry Fruits,₹1–50,none,7,0.1,0.96,0.0189873417721519,0.09090909090909093,0.96,0.4342232451093211
"Foodgrains, Oil & Masala",Dry Fruits,₹200+,none,84,0.9,0.34,0.2626582278481013,0.898989898989899,0.34,0.7745831735072242
"Foodgrains, Oil & Masala",Dry Fruits,₹200+,plant-based,11,0.51,0.63,0.03164556962025317,0.5050505050505051,0.63,0.6566094489195756
"Foodgrains, Oil & Masala",Dry Fruits,₹51–100,none,15,0.83,0.93,0.04430379746835443,0.8282828282828283,0.93,0.6896774709116481
"Foodgrains, Oil & Masala",Edible Oils & Ghee,₹101–200,fortified,2,0.32,0.1,0.0031645569620253164,0.31313131313131315,0.1,0.7333301368111494
"Foodgrains, Oil & Masala",Edible Oils & Ghee,₹101–200,"fortified, herbal",1,0.9,0.94,0.0,0.898989898989899,0.94,0.7296464646464647
"Foodgrains, Oil & Masala",Edible Oils & Ghee,₹101–200,herbal,3,0.39,0.69,0.006329113924050633,0.38383838383838387,0.69,0.6093117887738141
"Foodgrains, Oil & Masala",Edible Oils & Ghee,₹101–200,none,38,0.01,0.07,0.11708860759493671,0.0,0.07,0.5856645569620254
"Foodgrains, Oil & Masala",Edible Oils & Ghee,₹200+,fortified,3,0.91,0.3,0.006329113924050633,0.9090909090909092,0.3,0.890650172612198
"Foodgrains, Oil & Masala",Edible Oils & Ghee,₹200+,herbal,6,0.09,0.71,0.015822784810126583,0.08080808080808081,0.71,0.4944537143587777
"Foodgrains, Oil & Masala",Edible Oils & Ghee,₹200+,none,131,0.32,0.07,0.41139240506329117,0.31313131313131315,0.07,0.5775389975706431
"Foodgrains, Oil & Masala",Edible Oils & Ghee,₹51–100,none,2,0.95,0.58,0.0031645569620253164,0.9494949494949495,0.58,0.8360574095384221
"Foodgrains, Oil & Masala",Masalas & Spices,₹101–200,none,171,0.95,0.35,0.5379746835443038,0.9494949494949495,0.35,0.6796333589055108
"Foodgrains, Oil & Masala",Masalas & Spices,₹1–50,none,193,0.57,0.62,0.6075949367088608,0.5656565656565656,0.62,0.44994182329625365
"Foodgrains, Oil & Masala",Masalas & Spices,₹200+,herbal,1,0.63,0.05,0.0,0.6262626262626263,0.05,0.8566919191919191
"Foodgrains, Oil & Masala",Masalas & Spices,₹200+,none,65,0.45,0.87,0.20253164556962025,0.4444444444444445,0.87,0.5070428973277075
"Foodgrains, Oil & Masala",Masalas & Spices,₹51–100,herbal,6,0.29,0.97,0.015822784810126583,0.2828282828282828,0.97,0.5001607850658484
"Foodgrains, Oil & Masala",Masalas & Spices,₹51–100,none,317,0.33,0.97,1.0,0.32323232323232326,0.97,0.12063131313131314
"Foodgrains, Oil & Masala",Organic Staples,₹101–200,herbal,2,0.67,0.75,0.0031645569620253164,0.6666666666666667,0.75,0.6945675105485232
"Foodgrains, Oil & Masala",Organic Staples,₹101–200,none,190,0.75,0.13,0.5981012658227848,0.7474747474747475,0.13,0.6398756552870477
"Foodgrains, Oil & Masala",Organic Staples,₹101–200,plant-based,1,0.79,0.76,0.0,0.787878787878788,0.76,0.7357575757575758
"Foodgrains, Oil & Masala",Organic Staples,₹101–200,sugar-free,1,0.79,0.02,0.0,0.787878787878788,0.02,0.9207575757575758
"Foodgrains, Oil & Masala",Organic Staples,₹1–50,none,57,0.09,0.02,0.17721518987341772,0.08080808080808081,0.02,0.6023967523334612
"Foodgrains, Oil & Masala",Organic Staples,₹200+,herbal,1,0.49,0.32,0.0,0.48484848484848486,0.32,0.7396969696969697
"Foodgrains, Oil & Masala",Organic Staples,₹200+,none,158,0.06,0.49,0.49683544303797467,0.050505050505050504,0.49,0.3464425904615778
"Foodgrains, Oil & Masala",Organic Staples,₹200+,plant-based,3,0.55,0.77,0.006329113924050633,0.5454545454545455,0.77,0.6458774453394707
"Foodgrains, Oil & Masala",Organic Staples,₹51–100,herbal,2,0.44,0.68,0.0031645569620253164,0.43434343434343436,0.68,0.6307543792353919
"Foodgrains, Oil & Masala",Organic Staples,₹51–100,none,203,0.89,0.45,0.6392405063291139,0.888888888888889,0.45,0.5929149085794656
"Foodgrains, Oil & Masala",Rice & Rice Products,₹101–200,none,36,0.35,0.27,0.11075949367088607,0.3434343434343434,0.27,0.6583982227336658
"Foodgrains, Oil & Masala",Rice & Rice Products,₹1–50,none,5,0.12,1.0,0.012658227848101266,0.11111111111111112,1.0,0.43382559774964846
"Foodgrains, Oil & Masala",Rice & Rice Products,₹200+,none,126,0.14,0.43,0.39556962025316456,0.13131313131313133,0.43,0.4302317478583302
"Foodgrains, Oil & Masala",Rice & Rice Products,₹51–100,none,30,0.76,0.45,0.09177215189873418,0.7575757575757576,0.45,0.7659426543920214
"Foodgrains, Oil & Masala","Salt, Sugar & Jaggery",₹101–200,herbal,6,0.62,0.16,0.015822784810126583,0.6161616161616161,0.16,0.819327451732515
"Foodgrains, Oil & Masala","Salt, Sugar & Jaggery",₹101–200,low cal,4,0.1,0.79,0.00949367088607595,0.09090909090909093,0.79,0.4805207134637514
"Foodgrains, Oil & Masala","Salt, Sugar & Jaggery",₹101–200,none,24,0.08,0.69,0.07278481012658228,0.07070707070707072,0.69,0.4731335506968419
"Foodgrains, Oil & Masala","Salt, Sugar & Jaggery",₹1–50,herbal,2,0.7,0.22,0.0031645569620253164,0.6969696969696969,0.22,0.8376735711545837
"Foodgrains, Oil & Masala","Salt, Sugar & Jaggery",₹1–50,low cal,2,0.07,0.08,0.0031645569620253164,0.060606060606060615,0.08,0.6499462984273111
"Foodgrains, Oil & Masala","Salt, Sugar & Jaggery",₹1–50,none,22,0.82,0.68,0.06645569620253164,0.8181818181818181,0.68,0.7397813578826237
"Foodgrains, Oil & Masala","Salt, Sugar & Jaggery",₹200+,herbal,1,0.71,0.65,0.0,0.7070707070707071,0.65,0.7349747474747476
"Foodgrains, Oil & Masala","Salt, Sugar & Jaggery",₹200+,low cal,4,0.08,0.27,0.00949367088607595,0.07070707070707072,0.27,0.6034500063930444
"Foodgrains, Oil & Masala","Salt, Sugar & Jaggery",₹200+,none,19,0.08,0.95,0.056962025316455694,0.07070707070707072,0.95,0.4144626646208925
"Foodgrains, Oil & Masala","Salt, Sugar & Jaggery",₹51–100,herbal,6,0.99,0.15,0.015822784810126583,0.98989898989899,0.15,0.9526355325405959
"Foodgrains, Oil & Masala","Salt, Sugar & Jaggery",₹51–100,low cal,3,0.37,0.43,0.006329113924050633,0.36363636363636365,0.43,0.6672410817031071
"Foodgrains, Oil & Masala","Salt, Sugar & Jaggery",₹51–100,none,36,0.37,0.94,0.11075949367088607,0.36363636363636365,0.94,0.49796892980437285
Fruits & Vegetables,Cuts & Sprouts,₹101–200,none,3,0.81,0.42,0.015037593984962405,0.8080808080808082,0.42,0.8218132452342979
Fruits & Vegetables,Cuts & Sprouts,₹1–50,none,67,0.95,0.64,0.49624060150375937,0.9494949494949495,0.64,0.6238269917217285
Fruits & Vegetables,Cuts & Sprouts,₹51–100,herbal,1,0.99,0.4,0.0,0.98989898989899,0.4,0.8964646464646465
Fruits & Vegetables,Cuts & Sprouts,₹51–100,none,23,0.75,0.27,0.16541353383458646,0.7474747474747475,0.27,0.777950748082327
Fruits & Vegetables,Exotic Fruits & Veggies,₹101–200,none,8,0.38,0.98,0.05263157894736842,0.37373737373737376,0.98,0.5147554492291335
Fruits & Vegetables,Exotic Fruits & Veggies,₹1–50,none,34,0.08,0.41,0.24812030075187969,0.07070707070707072,0.41,0.47299935444672286
Fruits & Vegetables,Exotic Fruits & Veggies,₹200+,none,4,0.78,0.89,0.022556390977443608,0.7777777777777778,0.89,0.6906996658312448
Fruits & Vegetables,Exotic Fruits & Veggies,₹51–100,none,24,0.56,0.23,0.17293233082706766,0.5555555555555556,0.23,0.7177715121136174
Fruits & Vegetables,"Flower Bouquets, Bunches",₹1–50,none,5,0.42,0.21,0.03007518796992481,0.41414141414141414,0.21,0.730419419761525
Fruits & Vegetables,"Flower Bouquets, Bunches",₹200+,none,2,0.91,0.03,0.007518796992481203,0.9090909090909092,0.03,0.9576742993848257
Fruits & Vegetables,Fresh Fruits,₹101–200,none,36,0.11,0.65,0.2631578947368421,0.10101010101010102,0.65,0.41759037745879857
Fruits & Vegetables,Fresh Fruits,₹1–50,none,37,0.49,0.37,0.2706766917293233,0.48484848484848486,0.37,0.6189262930052404
Fruits & Vegetables,Fresh Fruits,₹200+,none,17,0.01,0.86,0.12030075187969924,0.0,0.86,0.3868796992481204
Fruits & Vegetables,Fresh Fruits,₹51–100,none,31,0.47,0.47,0.22556390977443608,0.46464646464646464,0.47,0.6049006987164882
Fruits & Vegetables,Fresh Vegetables,₹101–200,none,6,0.06,0.97,0.03759398496240601,0.050505050505050504,0.97,0.4101391736918053
Fruits & Vegetables,Fresh Vegetables,₹1–50,none,134,0.12,0.19,1.0,0.11111111111111112,0.19,0.2413888888888889
Fruits & Vegetables,Fresh Vegetables,₹51–100,none,28,0.12,0.87,0.20300751879699247,0.11111111111111112,0.87,0.3901858813700919
Fruits & Vegetables,Herbs & Seasonings,₹101–200,none,3,0.65,0.78,0.015037593984962405,0.6464646464646465,0.78,0.6752475886686413
Fruits & Vegetables,Herbs & Seasonings,₹1–50,none,18,0.75,0.77,0.12781954887218044,0.7474747474747475,0.77,0.6679883420672895
Fruits & Vegetables,Herbs & Seasonings,₹51–100,none,3,0.58,0.84,0.015037593984962405,0.5757575757575757,0.84,0.6355001139211666
Fruits & Vegetables,Organic Fruits & Vegetables,₹101–200,none,4,0.96,0.76,0.022556390977443608,0.9595959595959596,0.76,0.7868360294676084
Fruits & Vegetables,Organic Fruits & Vegetables,₹1–50,none,56,0.37,0.63,0.41353383458646614,0.36363636363636365,0.63,0.4543591934381408
Fruits & Vegetables,Organic Fruits & Vegetables,₹51–100,none,8,0.29,0.13,0.05263157894736842,0.2828282828282828,0.13,0.6954372674109517
Gourmet & World Food,"Atta, Flours & Sooji",₹101–200,none,3,0.87,0.03,0.0048543689320388345,0.8686868686868687,0.03,0.9445986564675886
Gourmet & World Food,"Atta, Flours & Sooji",₹200+,none,4,0.22,0.92,0.007281553398058253,0.21212121212121213,0.92,0.49132980288320094
Gourmet & World Food,"Atta, Flours & Sooji",₹51–100,none,5,0.96,0.62,0.009708737864077669,0.9595959595959596,0.62,0.8269750907129547
Gourmet & World Food,Bakery Snacks,₹101–200,none,3,0.01,0.8,0.0048543689320388345,0.0,0.8,0.4480582524271845
Gourmet & World Food,Bakery Snacks,₹1–50,none,1,0.97,0.48,0.0,0.9696969696969697,0.48,0.8693939393939394
Gourmet & World Food,Bakery Snacks,₹200+,herbal,2,0.04,0.12,0.0024271844660194173,0.030303030303030304,0.12,0.6296351868196529
Gourmet & World Food,Bakery Snacks,₹200+,none,2,0.89,0.13,0.0024271844660194173,0.888888888888889,0.13,0.9276402373247035
Gourmet & World Food,Bakery Snacks,₹200+,sugar-free,3,0.53,0.69,0.0048543689320388345,0.5252525252525253,0.69,0.6593966362655684
Gourmet & World Food,Bakery Snacks,₹51–100,none,3,0.99,0.43,0.0048543689320388345,0.98989898989899,0.43,0.887022898891831
Gourmet & World Food,Cereals & Breakfast,₹101–200,herbal,1,0.07,0.2,0.0,0.060606060606060615,0.2,0.6212121212121213
Gourmet & World Food,Cereals & Breakfast,₹101–200,none,27,0.55,0.49,0.06310679611650485,0.5454545454545455,0.49,0.693166372462489
Gourmet & World Food,Cereals & Breakfast,₹101–200,plant-based,3,0.97,0.06,0.0048543689320388345,0.9696969696969697,0.06,0.9724521918211239
Gourmet & World Food,Cereals & Breakfast,₹101–200,"plant-based, protein",1,0.52,0.58,0.0,0.5151515151515151,0.58,0.6853030303030303
Gourmet & World Food,Cereals & Breakfast,₹101–200,protein,4,0.63,0.27,0.007281553398058253,0.6262626262626263,0.27,0.7987792978326959
Gourmet & World Food,Cereals & Breakfast,₹1–50,fortified,1,0.7,0.8,0.0,0.6969696969696969,0.8,0.6939393939393939
Gourmet & World Food,Cereals & Breakfast,₹1–50,none,7,0.45,0.31,0.014563106796116505,0.4444444444444445,0.31,0.7222303128371089
Gourmet & World Food,Cereals & Breakfast,₹1–50,plant-based,1,0.63,0.46,0.0,0.6262626262626263,0.46,0.7541919191919192
Gourmet & World Food,Cereals & Breakfast,₹1–50,protein,1,0.58,0.01,0.0,0.5757575757575757,0.01,0.8490151515151516
Gourmet & World Food,Cereals & Breakfast,₹200+,fortified,1,0.9,0.07,0.0,0.898989898989899,0.07,0.9471464646464647
Gourmet & World Food,Cereals & Breakfast,₹200+,low cal,1,0.05,0.39,0.0,0.04040404040404041,0.39,0.5666414141414141
Gourmet & World Food,Cereals & Breakfast,₹200+,none,84,0.28,0.48,0.20145631067961164,0.27272727272727276,0.48,0.5448720211827008
Gourmet & World Food,Cereals & Breakfast,₹200+,plant-based,17,0.95,0.6,0.038834951456310676,0.9494949494949495,0.6,0.816789251740708
Gourmet & World Food,Cereals & Breakfast,₹200+,"plant-based, protein",6,0.89,0.29,0.012135922330097087,0.888888888888889,0.29,0.8837567421790723
Gourmet & World Food,Cereals & Breakfast,₹200+,probiotic,1,0.46,0.69,0.0,0.4545454545454546,0.69,0.6365909090909091
Gourmet & World Food,Cereals & Breakfast,₹200+,protein,18,0.62,0.86,0.0412621359223301,0.6161616161616161,0.86,0.6341517112876337
Gourmet & World Food,Cereals & Breakfast,₹200+,sugar-free,6,0.28,0.78,0.012135922330097087,0.27272727272727276,0.78,0.5456001765225067
Gourmet & World Food,Cereals & Breakfast,₹51–100,none,10,0.19,0.04,0.021844660194174758,0.18181818181818182,0.04,0.6948984995586938
Gourmet & World Food,Cereals & Breakfast,₹51–100,protein,6,0.46,0.48,0.012135922330097087,0.4545454545454546,0.48,0.6842365401588703
Gourmet & World Food,Chocolates & Biscuits,₹101–200,herbal,2,0.35,0.1,0.0024271844660194173,0.3434343434343434,0.1,0.7442311464156124
Gourmet & World Food,Chocolates & Biscuits,₹101–200,none,153,0.58,0.24,0.36893203883495146,0.5757575757575757,0.24,0.6439423359811709
Gourmet & World Food,Chocolates & Biscuits,₹101–200,plant-based,5,0.08,0.99,0.009708737864077669,0.07070707070707072,0.99,0.4233639796018437
Gourmet & World Food,Chocolates & Biscuits,₹101–200,sugar-free,13,0.97,0.14,0.02912621359223301,0.9696969696969697,0.14,0.9427434539570462
Gourmet & World Food,Chocolates & Biscuits,₹101–200,"sugar-free, herbal",1,0.99,0.5,0.0,0.98989898989899,0.5,0.8714646464646465
Gourmet & World Food,Chocolates & Biscuits,₹101–200,"sugar-free, plant-based",1,0.7,0.62,0.0,0.6969696969696969,0.62,0.7389393939393939
Gourmet & World Food,Chocolates & Biscuits,₹1–50,none,44,0.54,0.7,0.10436893203883495,0.5353535353535354,0.7,0.6206261645582034
Gourmet & World Food,Chocolates & Biscuits,₹1–50,plant-based,1,0.31,0.56,0.0,0.30303030303030304,0.56,0.6160606060606061
Gourmet & World Food,Chocolates & Biscuits,₹200+,none,270,0.81,0.01,0.6529126213592233,0.8080808080808082,0.01,0.6691632342845935
Gourmet & World Food,Chocolates & Biscuits,₹200+,plant-based,16,0.68,0.33,0.03640776699029126,0.6767676767676768,0.33,0.7898055800725704
Gourmet & World Food,Chocolates & Biscuits,₹200+,protein,2,0.16,0.52,0.0024271844660194173,0.15151515151515152,0.52,0.5720594292438953
Gourmet & World Food,Chocolates & Biscuits,₹200+,sugar-free,10,0.91,0.09,0.021844660194174758,0.9090909090909092,0.09,0.9369439541041483
Gourmet & World Food,Chocolates & Biscuits,₹51–100,herbal,1,0.82,0.35,0.0,0.8181818181818181,0.35,0.8488636363636363
Gourmet & World Food,Chocolates & Biscuits,₹51–100,none,66,0.95,0.03,0.15776699029126215,0.9494949494949495,0.03,0.9117164362067274
Gourmet & World Food,Chocolates & Biscuits,₹51–100,plant-based,2,0.73,0.08,0.0024271844660194173,0.7272727272727273,0.08,0.8835745807590467
Gourmet & World Food,Chocolates & Biscuits,₹51–100,sugar-free,3,0.61,0.4,0.0048543689320388345,0.6060606060606061,0.4,0.7601794645483967
Gourmet & World Food,Chocolates & Biscuits,₹51–100,"sugar-free, herbal",2,0.42,0.13,0.0024271844660194173,0.41414141414141414,0.13,0.7614786211630873
Gourmet & World Food,Cooking & Baking Needs,₹101–200,herbal,1,0.93,0.57,0.0,0.9292929292929294,0.57,0.8327525252525253
Gourmet & World Food,Cooking & Baking Needs,₹101–200,none,139,0.87,0.69,0.33495145631067963,0.8686868686868687,0.69,0.6475598215161322
Gourmet & World Food,Cooking & Baking Needs,₹101–200,plant-based,4,0.05,0.8,0.007281553398058253,0.04040404040404041,0.8,0.4612287927821908
Gourmet & World Food,Cooking & Baking Needs,₹101–200,"sugar-free, herbal",1,0.03,0.2,0.0,0.0202020202020202,0.2,0.6070707070707071
Gourmet & World Food,Cooking & Baking Needs,₹1–50,none,43,0.38,0.17,0.10194174757281553,0.37373737373737376,0.17,0.6975313817789547
Gourmet & World Food,Cooking & Baking Needs,₹200+,fortified,1,0.81,0.1,0.0,0.8080808080808082,0.1,0.9078282828282828
Gourmet & World Food,Cooking & Baking Needs,₹200+,herbal,13,0.99,0.64,0.02912621359223301,0.98989898989899,0.64,0.8248141610277533
Gourmet & World Food,Cooking & Baking Needs,₹200+,low cal,1,0.15,0.71,0.0,0.1414141414141414,0.71,0.5219949494949495
Gourmet & World Food,Cooking & Baking Needs,₹200+,none,304,0.59,0.03,0.7354368932038835,0.5858585858585859,0.03,0.5533757477689516
Gourmet & World Food,Cooking & Baking Needs,₹200+,plant-based,7,0.38,0.94,0.014563106796116505,0.37373737373737376,0.94,0.5399828380896342
Gourmet & World Food,Cooking & Baking Needs,₹200+,protein,4,0.97,0.05,0.007281553398058253,0.9696969696969697,0.05,0.9739813180347161
Gourmet & World Food,Cooking & Baking Needs,₹51–100,herbal,4,0.84,0.54,0.007281553398058253,0.8383838383838383,0.54,0.8055217220751201
Gourmet & World Food,Cooking & Baking Needs,₹51–100,none,131,0.84,0.71,0.3155339805825243,0.8383838383838383,0.71,0.6397207512013336
Gourmet & World Food,Cooking & Baking Needs,₹51–100,plant-based,1,0.47,0.87,0.0,0.46464646464646464,0.87,0.5951262626262626
Gourmet & World Food,Cooking & Baking Needs,₹51–100,"sugar-free, herbal",2,0.41,0.71,0.0024271844660194173,0.40404040404040403,0.71,0.6129432676277337
Gourmet & World Food,Dairy & Cheese,₹101–200,herbal,2,0.27,0.8,0.0024271844660194173,0.26262626262626265,0.8,0.5409483181327841
Gourmet & World Food,Dairy & Cheese,₹101–200,none,38,0.06,0.34,0.08980582524271845,0.050505050505050504,0.34,0.5467544375796803
Gourmet & World Food,Dairy & Cheese,₹101–200,plant-based,2,0.86,0.81,0.0024271844660194173,0.8585858585858586,0.81,0.7470341767186427
Gourmet & World Food,Dairy & Cheese,₹1–50,none,3,0.81,0.08,0.0048543689320388345,0.8080808080808082,0.08,0.9108865352554674
Gourmet & World Food,Dairy & Cheese,₹200+,herbal,7,1.0,0.89,0.014563106796116505,1.0,0.89,0.7716747572815533
Gourmet & World Food,Dairy & Cheese,₹200+,low cal,1,1.0,0.55,0.0,1.0,0.55,0.8625
Gourmet & World Food,Dairy & Cheese,₹200+,none,169,0.56,0.82,0.4077669902912621,0.5555555555555556,0.82,0.47633764832793957
Gourmet & World Food,Dairy & Cheese,₹200+,plant-based,9,0.77,0.45,0.019417475728155338,0.7676767676767677,0.45,0.7984198783956065
Gourmet & World Food,Dairy & Cheese,₹200+,"plant-based, herbal",1,0.94,0.64,0.0,0.9393939393939393,0.64,0.8187878787878787
Gourmet & World Food,Dairy & Cheese,₹200+,sugar-free,4,0.85,0.53,0.007281553398058253,0.8484848484848485,0.53,0.8115570756104735
Gourmet & World Food,Dairy & Cheese,₹51–100,none,9,0.25,0.73,0.019417475728155338,0.24242424242424243,0.73,0.5445814945572227
Gourmet & World Food,Dairy & Cheese,₹51–100,plant-based,3,0.45,0.08,0.0048543689320388345,0.4444444444444445,0.08,0.78361380798274
Gourmet & World Food,Drinks & Beverages,₹101–200,herbal,3,0.13,0.06,0.0048543689320388345,0.12121212121212123,0.06,0.6754824948514269
Gourmet & World Food,Drinks & Beverages,₹101–200,none,96,0.95,0.25,0.23058252427184467,0.9494949494949495,0.25,0.8275902226144944
Gourmet & World Food,Drinks & Beverages,₹101–200,plant-based,1,0.61,0.16,0.0,0.6060606060606061,0.16,0.8221212121212121
Gourmet & World Food,Drinks & Beverages,₹101–200,"protein, herbal",1,0.23,0.87,0.0,0.22222222222222224,0.87,0.5102777777777778
Gourmet & World Food,Drinks & Beverages,₹101–200,sugar-free,7,0.67,0.22,0.014563106796116505,0.6666666666666667,0.22,0.8225080906148867
Gourmet & World Food,Drinks & Beverages,₹1–50,fortified,1,0.62,0.98,0.0,0.6161616161616161,0.98,0.6206565656565657
Gourmet & World Food,Drinks & Beverages,₹1–50,herbal,2,0.36,0.34,0.0024271844660194173,0.35353535353535354,0.34,0.6877664999509661
Gourmet & World Food,Drinks & Beverages,₹1–50,none,22,0.11,0.18,0.050970873786407765,0.10101010101010102,0.18,0.6199651858389723
Gourmet & World Food,Drinks & Beverages,₹200+,fortified,1,0.67,0.79,0.0,0.6666666666666667,0.79,0.6858333333333333
Gourmet & World Food,Drinks & Beverages,₹200+,herbal,46,0.52,0.66,0.10922330097087378,0.5151515151515151,0.66,0.6216137099146808
Gourmet & World Food,Drinks & Beverages,₹200+,none,413,0.77,0.5,1.0,0.7676767676767677,0.5,0.3936868686868687
Gourmet & World Food,Drinks & Beverages,₹200+,plant-based,4,0.52,0.56,0.007281553398058253,0.5151515151515151,0.56,0.687390408943807
Gourmet & World Food,Drinks & Beverages,₹200+,protein,5,0.85,0.72,0.009708737864077669,0.8484848484848485,0.72,0.7630862018240658
Gourmet & World Food,Drinks & Beverages,₹200+,sugar-free,4,0.55,0.23,0.007281553398058253,0.5454545454545455,0.23,0.7804964695498676
Gourmet & World Food,Drinks & Beverages,₹51–100,herbal,3,0.56,1.0,0.0048543689320388345,0.5555555555555556,1.0,0.5925026968716289
Gourmet & World Food,Drinks & Beverages,₹51–100,none,81,0.88,0.97,0.1941747572815534,0.8787878787878788,0.97,0.6374058546631363
Gourmet & World Food,Mutton & Lamb,₹200+,herbal,1,0.4,0.65,0.0,0.393939393939394,0.65,0.6253787878787879
Gourmet & World Food,Oils & Vinegar,₹101–200,herbal,3,0.13,0.2,0.0048543689320388345,0.12121212121212123,0.2,0.6404824948514269
Gourmet & World Food,Oils & Vinegar,₹101–200,none,17,0.03,0.68,0.038834951456310676,0.0202020202020202,0.68,0.4715367264881828
Gourmet & World Food,Oils & Vinegar,₹200+,herbal,6,0.76,0.07,0.012135922330097087,0.7575757575757576,0.07,0.8927971462194764
Gourmet & World Food,Oils & Vinegar,₹200+,none,131,0.62,0.03,0.3155339805825243,0.6161616161616161,0.03,0.7319429734235559
Gourmet & World Food,Oils & Vinegar,₹200+,plant-based,1,0.7,0.26,0.0,0.6969696969696969,0.26,0.8289393939393939
Gourmet & World Food,"Pasta, Soup & Noodles",₹101–200,none,76,0.21,0.46,0.1820388349514563,0.20202020202020202,0.46,0.5328915367264881
Gourmet & World Food,"Pasta, Soup & Noodles",₹1–50,none,26,0.14,0.87,0.06067961165048544,0.13131313131313133,0.87,0.4541877512994018
Gourmet & World Food,"Pasta, Soup & Noodles",₹200+,none,111,0.01,0.73,0.2669902912621359,0.0,0.73,0.36070388349514565
Gourmet & World Food,"Pasta, Soup & Noodles",₹200+,protein,1,0.35,0.74,0.0,0.3434343434343434,0.74,0.5852020202020203
Gourmet & World Food,"Pasta, Soup & Noodles",₹51–100,none,23,0.59,0.43,0.05339805825242718,0.5858585858585859,0.43,0.7261912817495342
Gourmet & World Food,"Pasta, Soup & Noodles",₹51–100,plant-based,1,0.39,0.35,0.0,0.38383838383838387,0.35,0.6968434343434343
Gourmet & World Food,Rice & Rice Products,₹101–200,none,1,0.44,0.37,0.0,0.43434343434343436,0.37,0.709520202020202
Gourmet & World Food,Rice & Rice Products,₹200+,none,2,0.9,0.99,0.0024271844660194173,0.898989898989899,0.99,0.7161755908600569
Gourmet & World Food,"Sauces, Spreads & Dips",₹101–200,herbal,8,0.35,0.04,0.01699029126213592,0.3434343434343434,0.04,0.7534059036971659
Gourmet & World Food,"Sauces, Spreads & Dips",₹101–200,none,138,0.51,0.87,0.3325242718446602,0.5050505050505051,0.87,0.4762579680298127
Gourmet & World Food,"Sauces, Spreads & Dips",₹101–200,plant-based,1,0.78,0.58,0.0,0.7777777777777778,0.58,0.7772222222222223
Gourmet & World Food,"Sauces, Spreads & Dips",₹101–200,protein,1,0.4,0.44,0.0,0.393939393939394,0.44,0.6778787878787879
Gourmet & World Food,"Sauces, Spreads & Dips",₹101–200,"sugar-free, herbal",3,0.62,0.73,0.0048543689320388345,0.6161616161616161,0.73,0.6812148180837502
Gourmet & World Food,"Sauces, Spreads & Dips",₹1–50,none,2,0.86,0.49,0.0024271844660194173,0.8585858585858586,0.49,0.8270341767186427
Gourmet & World Food,"Sauces, Spreads & Dips",₹200+,herbal,13,0.95,0.87,0.02912621359223301,0.9494949494949495,0.87,0.7531727468863392
Gourmet & World Food,"Sauces, Spreads & Dips",₹200+,low cal,4,0.15,0.9,0.007281553398058253,0.1414141414141414,0.9,0.4715823281357262
Gourmet & World Food,"Sauces, Spreads & Dips",₹200+,none,393,0.93,0.42,0.9514563106796117,0.9292929292929294,0.42,0.48967000098068064
Gourmet & World Food,"Sauces, Spreads & Dips",₹200+,plant-based,27,0.49,0.28,0.06310679611650485,0.48484848484848486,0.28,0.7244542512503678
Gourmet & World Food,"Sauces, Spreads & Dips",₹200+,"plant-based, herbal",7,0.26,0.59,0.014563106796116505,0.25252525252525254,0.59,0.5850585956653919
Gourmet & World Food,"Sauces, Spreads & Dips",₹200+,"protein, herbal",2,0.46,0.91,0.0024271844660194173,0.4545454545454546,0.91,0.5806200353045013
Gourmet & World Food,"Sauces, Spreads & Dips",₹200+,sugar-free,9,0.98,0.21,0.019417475728155338,0.9797979797979798,0.21,0.9326623026380307
Gourmet & World Food,"Sauces, Spreads & Dips",₹51–100,herbal,1,0.49,0.62,0.0,0.48484848484848486,0.62,0.6646969696969697
Gourmet & World Food,"Sauces, Spreads & Dips",₹51–100,none,26,0.33,0.63,0.06067961165048544,0.32323232323232326,0.63,0.581359468471119
Gourmet & World Food,"Snacks, Dry Fruits, Nuts",₹101–200,fortified,1,0.63,0.73,0.0,0.6262626262626263,0.73,0.6866919191919192
Gourmet & World Food,"Snacks, Dry Fruits, Nuts",₹101–200,"fortified, protein",1,0.24,0.13,0.0,0.23232323232323232,0.13,0.6988131313131314
Gourmet & World Food,"Snacks, Dry Fruits, Nuts",₹101–200,herbal,2,0.08,0.72,0.0024271844660194173,0.07070707070707072,0.72,0.493776600961067
Gourmet & World Food,"Snacks, Dry Fruits, Nuts",₹101–200,low cal,2,0.13,0.91,0.0024271844660194173,0.12121212121212123,0.91,0.46395336863783465
Gourmet & World Food,"Snacks, Dry Fruits, Nuts",₹101–200,none,187,0.13,0.18,0.45145631067961167,0.12121212121212123,0.18,0.4668417181523978
Gourmet & World Food,"Snacks, Dry Fruits, Nuts",₹101–200,plant-based,2,0.15,0.24,0.0024271844660194173,0.1414141414141414,0.24,0.6385240757085417
Gourmet & World Food,"Snacks, Dry Fruits, Nuts",₹101–200,"plant-based, protein",1,0.14,0.97,0.0,0.13131313131313133,0.97,0.453459595959596
Gourmet & World Food,"Snacks, Dry Fruits, Nuts",₹101–200,protein,5,0.64,0.18,0.009708737864077669,0.6363636363636364,0.18,0.8238437775816416
Gourmet & World Food,"Snacks, Dry Fruits, Nuts",₹1–50,fortified,1,0.18,0.85,0.0,0.1717171717171717,0.85,0.4976010101010101
Gourmet & World Food,"Snacks, Dry Fruits, Nuts",₹1–50,herbal,2,0.35,0.49,0.0024271844660194173,0.3434343434343434,0.49,0.6467311464156125
Gourmet & World Food,"Snacks, Dry Fruits, Nuts",₹1–50,none,66,0.9,0.25,0.15776699029126215,0.898989898989899,0.25,0.8390396685299597
Gourmet & World Food,"Snacks, Dry Fruits, Nuts",₹1–50,plant-based,1,0.47,0.87,0.0,0.46464646464646464,0.87,0.5951262626262626
Gourmet & World Food,"Snacks, Dry Fruits, Nuts",₹1–50,protein,1,0.67,0.45,0.0,0.6666666666666667,0.45,0.7708333333333333
Gourmet & World Food,"Snacks, Dry Fruits, Nuts",₹200+,fortified,4,0.17,0.51,0.007281553398058253,0.16161616161616163,0.51,0.5761530352064332
Gourmet & World Food,"Snacks, Dry Fruits, Nuts",₹200+,herbal,15,0.19,0.36,0.03398058252427184,0.18181818181818182,0.36,0.610044130626655
Gourmet & World Food,"Snacks, Dry Fruits, Nuts",₹200+,none,310,0.04,0.59,0.75,0.030303030303030304,0.59,0.21310606060606063
Gourmet & World Food,"Snacks, Dry Fruits, Nuts",₹200+,plant-based,13,0.17,0.16,0.02912621359223301,0.16161616161616163,0.16,0.6549151711287634
Gourmet & World Food,"Snacks, Dry Fruits, Nuts",₹200+,"plant-based, protein",2,0.28,0.39,0.0024271844660194173,0.27272727272727276,0.39,0.6469836716681377
Gourmet & World Food,"Snacks, Dry Fruits, Nuts",₹200+,protein,6,0.18,0.97,0.012135922330097087,0.1717171717171717,0.97,0.4627466411689713
Gourmet & World Food,"Snacks, Dry Fruits, Nuts",₹200+,sugar-free,4,0.09,0.26,0.007281553398058253,0.08080808080808081,0.26,0.610370206923605
Gourmet & World Food,"Snacks, Dry Fruits, Nuts",₹51–100,fortified,1,0.12,0.66,0.0,0.11111111111111112,0.66,0.5238888888888888
Gourmet & World Food,"Snacks, Dry Fruits, Nuts",₹51–100,"fortified, protein",1,0.46,0.33,0.0,0.4545454545454546,0.33,0.7265909090909091
Gourmet & World Food,"Snacks, Dry Fruits, Nuts",₹51–100,herbal,2,0.21,0.77,0.0024271844660194173,0.20202020202020202,0.77,0.5272361969206629
Gourmet & World Food,"Snacks, Dry Fruits, Nuts",₹51–100,none,158,0.36,0.13,0.38106796116504854,0.35353535353535354,0.13,0.5888101892713543
Gourmet & World Food,"Snacks, Dry Fruits, Nuts",₹51–100,protein,2,0.5,0.97,0.0024271844660194173,0.494949494949495,0.97,0.5797614494459156
Gourmet & World Food,"Snacks, Dry Fruits, Nuts",₹51–100,sugar-free,1,0.69,0.45,0.0,0.6868686868686869,0.45,0.7779040404040405
Gourmet & World Food,Tinned & Processed Food,₹101–200,herbal,1,0.04,0.24,0.0,0.030303030303030304,0.24,0.6006060606060606
Gourmet & World Food,Tinned & Processed Food,₹101–200,low cal,1,0.8,0.07,0.0,0.797979797979798,0.07,0.9117929292929292
Gourmet & World Food,Tinned & Processed Food,₹101–200,none,78,0.63,0.17,0.18689320388349515,0.6262626262626263,0.17,0.7519346376385212
Gourmet & World Food,Tinned & Processed Food,₹1–50,none,1,0.08,0.52,0.0,0.07070707070707072,0.52,0.5447474747474748
Gourmet & World Food,Tinned & Processed Food,₹200+,none,75,0.87,0.34,0.1796116504854369,0.8686868686868687,0.34,0.7971957438462294
Gourmet & World Food,Tinned & Processed Food,₹51–100,none,6,0.92,0.83,0.012135922330097087,0.9191919191919192,0.83,0.7593628027851329
"Kitchen, Garden & Pets",Appliances & Electricals,₹101–200,none,31,0.06,0.43,0.04484304932735426,0.050505050505050504,0.43,0.542239547945826
"Kitchen, Garden & Pets",Appliances & Electricals,₹1–50,none,4,0.28,0.25,0.004484304932735426,0.27272727272727276,0.25,0.6811608234814512
"Kitchen, Garden & Pets",Appliances & Electricals,₹200+,none,83,0.81,0.62,0.12257100149476831,0.8080808080808082,0.62,0.7287998822303755
"Kitchen, Garden & Pets",Appliances & Electricals,₹51–100,none,20,0.75,0.71,0.028400597907324365,0.7474747474747475,0.71,0.7227559224532318
"Kitchen, Garden & Pets",Bakeware,₹101–200,none,8,0.18,0.17,0.01046337817638266,0.1717171717171717,0.17,0.6634156588304571
"Kitchen, Garden & Pets",Bakeware,₹1–50,none,1,0.21,0.17,0.0,0.20202020202020202,0.17,0.6782070707070708
"Kitchen, Garden & Pets",Bakeware,₹200+,none,33,0.37,0.04,0.04783258594917788,0.36363636363636365,0.04,0.7481396928930562
"Kitchen, Garden & Pets",Bakeware,₹51–100,none,6,0.48,0.74,0.007473841554559043,0.47474747474747475,0.74,0.6281720795397925
"Kitchen, Garden & Pets",Cookware & Non Stick,₹101–200,none,4,0.62,0.66,0.004484304932735426,0.6161616161616161,0.66,0.6988628436834714
"Kitchen, Garden & Pets",Cookware & Non Stick,₹200+,none,321,0.37,0.47,0.47832585949177875,0.36363636363636365,0.47,0.4684423834760158
"Kitchen, Garden & Pets",Crockery & Cutlery,₹101–200,none,97,0.46,0.84,0.14349775784753363,0.4545454545454546,0.84,0.5416918059518957
"Kitchen, Garden & Pets",Crockery & Cutlery,₹1–50,none,1,0.75,0.81,0.0,0.7474747474747475,0.81,0.7091161616161616
"Kitchen, Garden & Pets",Crockery & Cutlery,₹200+,none,648,0.04,0.59,0.9671150971599403,0.030303030303030304,0.59,0.1262600217420845
"Kitchen, Garden & Pets",Crockery & Cutlery,₹51–100,none,6,0.25,0.87,0.007473841554559043,0.24242424242424243,0.87,0.5143589482266613
"Kitchen, Garden & Pets",Flask & Casserole,₹101–200,none,2,0.71,0.21,0.0014947683109118087,0.7070707070707071,0.21,0.8443768401503828
"Kitchen, Garden & Pets",Flask & Casserole,₹200+,none,39,0.9,0.11,0.05680119581464873,0.898989898989899,0.11,0.9144259863206051
"Kitchen, Garden & Pets",Gardening,₹101–200,fortified,1,0.51,0.27,0.0,0.5050505050505051,0.27,0.7592676767676768
"Kitchen, Garden & Pets",Gardening,₹101–200,herbal,2,0.53,0.06,0.0014947683109118087,0.5252525252525253,0.06,0.8182404765140191
"Kitchen, Garden & Pets",Gardening,₹101–200,none,14,0.11,0.53,0.01943198804185351,0.10101010101010102,0.53,0.545080740136794
"Kitchen, Garden & Pets",Gardening,₹1–50,herbal,1,0.45,0.94,0.0,0.4444444444444445,0.94,0.5705555555555556
"Kitchen, Garden & Pets",Gardening,₹1–50,none,1,0.53,0.04,0.0,0.5252525252525253,0.04,0.8238383838383838
"Kitchen, Garden & Pets",Gardening,₹200+,fortified,1,0.24,0.12,0.0,0.23232323232323232,0.12,0.7013131313131313
"Kitchen, Garden & Pets",Gardening,₹200+,none,23,0.27,0.45,0.03288490284005979,0.26262626262626265,0.45,0.616265230783168
"Kitchen, Garden & Pets",Gardening,₹51–100,herbal,1,0.38,0.93,0.0,0.37373737373737376,0.93,0.5483080808080808
"Kitchen, Garden & Pets",Gardening,₹51–100,none,3,0.02,0.32,0.0029895366218236174,0.010101010101010102,0.32,0.5723395388866241
"Kitchen, Garden & Pets",Kitchen Accessories,₹101–200,none,126,0.32,0.51,0.18684603886397608,0.31313131313131315,0.51,0.5573575440503691
"Kitchen, Garden & Pets",Kitchen Accessories,₹1–50,none,7,0.21,0.04,0.008968609865470852,0.20202020202020202,0.04,0.7071196267608824
"Kitchen, Garden & Pets",Kitchen Accessories,₹200+,none,147,0.33,0.15,0.21823617339312407,0.32323232323232326,0.15,0.6383368437740635
"Kitchen, Garden & Pets",Kitchen Accessories,₹51–100,none,48,0.12,0.99,0.07025411061285501,0.11111111111111112,0.99,0.41328724464374694
"Kitchen, Garden & Pets",Pet Food & Accessories,₹101–200,none,57,0.89,0.97,0.08370702541106129,0.888888888888889,0.97,0.6851283009466866
"Kitchen, Garden & Pets",Pet Food & Accessories,₹1–50,none,14,0.59,0.0,0.01943198804185351,0.5858585858585859,0.0,0.8472777098337636
"Kitchen, Garden & Pets",Pet Food & Accessories,₹200+,fortified,3,0.68,0.95,0.0029895366218236174,0.6767676767676768,0.95,0.6481728722199573
"Kitchen, Garden & Pets",Pet Food & Accessories,₹200+,herbal,7,0.79,0.64,0.008968609865470852,0.787878787878788,0.64,0.7621701318113874
"Kitchen, Garden & Pets",Pet Food & Accessories,₹200+,none,231,0.5,0.87,0.34379671150971597,0.494949494949495,0.87,0.4682136386284368
"Kitchen, Garden & Pets",Pet Food & Accessories,₹200+,"plant-based, herbal",1,0.09,0.45,0.0,0.08080808080808081,0.45,0.5657828282828283
"Kitchen, Garden & Pets",Pet Food & Accessories,₹200+,probiotic,1,0.54,0.52,0.0,0.5353535353535354,0.52,0.7073737373737373
"Kitchen, Garden & Pets",Pet Food & Accessories,₹200+,protein,2,0.59,0.49,0.0014947683109118087,0.5858585858585859,0.49,0.7319525977261403
"Kitchen, Garden & Pets",Pet Food & Accessories,₹51–100,herbal,1,0.75,0.67,0.0,0.7474747474747475,0.67,0.7441161616161617
"Kitchen, Garden & Pets",Pet Food & Accessories,₹51–100,none,22,0.43,0.14,0.03139013452914798,0.42424242424242425,0.14,0.7509287946731893
"Kitchen, Garden & Pets",Steel Utensils,₹101–200,none,46,0.13,0.03,0.06726457399103139,0.12121212121212123,0.03,0.6580184128278299
"Kitchen, Garden & Pets",Steel Utensils,₹200+,none,274,0.28,0.31,0.4080717488789238,0.27272727272727276,0.31,0.504725845902976
"Kitchen, Garden & Pets",Steel Utensils,₹51–100,none,2,0.36,0.7,0.0014947683109118087,0.35353535353535354,0.7,0.5981394664130091
"Kitchen, Garden & Pets",Storage & Accessories,₹101–200,none,161,0.65,0.2,0.23916292974588937,0.6464646464646465,0.2,0.7305974543642706
"Kitchen, Garden & Pets",Storage & Accessories,₹1–50,none,16,0.57,0.67,0.02242152466367713,0.5656565656565656,0.67,0.6715111881143272
"Kitchen, Garden & Pets",Storage & Accessories,₹200+,low cal,6,0.36,0.97,0.007473841554559043,0.35353535353535354,0.97,0.5282478371155501
"Kitchen, Garden & Pets",Storage & Accessories,₹200+,none,670,0.99,0.09,1.0,0.98989898989899,0.09,0.5739646464646465
"Kitchen, Garden & Pets",Storage & Accessories,₹51–100,none,65,0.61,0.67,0.09566517189835576,0.6060606060606061,0.67,0.6563551433618698
Snacks & Branded Foods,"Atta, Flours & Sooji",₹200+,none,1,0.24,0.44,0.0,0.23232323232323232,0.44,0.6213131313131314
Snacks & Branded Foods,Biscuits & Cookies,₹101–200,none,45,0.1,0.87,0.16666666666666666,0.09090909090909093,0.87,0.3976515151515152
Snacks & Branded Foods,Biscuits & Cookies,₹101–200,plant-based,4,0.15,0.18,0.011363636363636364,0.1414141414141414,0.18,0.649949494949495
Snacks & Branded Foods,Biscuits & Cookies,₹101–200,sugar-free,3,0.25,0.69,0.007575757575757576,0.24242424242424243,0.69,0.5593181818181818
Snacks & Branded Foods,Biscuits & Cookies,₹1–50,none,124,0.16,0.84,0.4659090909090909,0.15151515151515152,0.84,0.30666666666666675
Snacks & Branded Foods,Biscuits & Cookies,₹1–50,plant-based,5,0.19,0.94,0.015151515151515152,0.18181818181818182,0.94,0.47257575757575765
Snacks & Branded Foods,Biscuits & Cookies,₹1–50,sugar-free,10,0.29,0.68,0.03409090909090909,0.2828282828282828,0.68,0.5653535353535354
Snacks & Branded Foods,Biscuits & Cookies,₹200+,fortified,1,0.17,0.5,0.0,0.16161616161616163,0.5,0.5815656565656566
Snacks & Branded Foods,Biscuits & Cookies,₹200+,none,14,0.9,0.62,0.04924242424242424,0.898989898989899,0.62,0.789949494949495
Snacks & Branded Foods,Biscuits & Cookies,₹200+,plant-based,2,0.08,0.87,0.003787878787878788,0.07070707070707072,0.87,0.45573232323232327
Snacks & Branded Foods,Biscuits & Cookies,₹51–100,none,79,0.52,0.57,0.29545454545454547,0.5151515151515151,0.57,0.5696212121212122
Snacks & Branded Foods,Biscuits & Cookies,₹51–100,plant-based,2,0.41,0.03,0.003787878787878788,0.40404040404040403,0.03,0.7823989898989898
Snacks & Branded Foods,Biscuits & Cookies,₹51–100,sugar-free,1,0.98,0.93,0.0,0.9797979797979798,0.93,0.760429292929293
Snacks & Branded Foods,Breakfast Cereals,₹101–200,herbal,2,0.11,0.69,0.003787878787878788,0.10101010101010102,0.69,0.5113383838383838
Snacks & Branded Foods,Breakfast Cereals,₹101–200,none,54,0.4,0.68,0.20075757575757575,0.393939393939394,0.68,0.5375757575757576
Snacks & Branded Foods,Breakfast Cereals,₹101–200,plant-based,2,0.97,0.22,0.003787878787878788,0.9696969696969697,0.22,0.9328787878787879
Snacks & Branded Foods,Breakfast Cereals,₹101–200,protein,1,0.87,0.66,0.0,0.8686868686868687,0.66,0.789040404040404
Snacks & Branded Foods,Breakfast Cereals,₹101–200,sugar-free,1,0.82,0.39,0.0,0.8181818181818181,0.39,0.8388636363636363
Snacks & Branded Foods,Breakfast Cereals,₹1–50,herbal,4,0.26,0.65,0.011363636363636364,0.25252525252525254,0.65,0.5713383838383839
Snacks & Branded Foods,Breakfast Cereals,₹1–50,none,21,0.17,0.11,0.07575757575757576,0.16161616161616163,0.11,0.6487626262626263
Snacks & Branded Foods,Breakfast Cereals,₹1–50,plant-based,1,0.67,0.66,0.0,0.6666666666666667,0.66,0.7183333333333333
Snacks & Branded Foods,Breakfast Cereals,₹1–50,protein,1,0.93,1.0,0.0,0.9292929292929294,1.0,0.7252525252525253
Snacks & Branded Foods,Breakfast Cereals,₹200+,herbal,3,0.56,0.05,0.007575757575757576,0.5555555555555556,0.05,0.8289141414141414
Snacks & Branded Foods,Breakfast Cereals,₹200+,low cal,3,0.57,0.98,0.007575757575757576,0.5656565656565656,0.98,0.5999494949494949
Snacks & Branded Foods,Breakfast Cereals,₹200+,none,103,0.28,0.41,0.38636363636363635,0.27272727272727276,0.41,0.48840909090909096
Snacks & Branded Foods,Breakfast Cereals,₹200+,plant-based,11,0.77,0.87,0.03787878787878788,0.7676767676767677,0.87,0.6860353535353536
Snacks & Branded Foods,Breakfast Cereals,₹200+,"plant-based, protein",1,0.19,0.78,0.0,0.18181818181818182,0.78,0.5186363636363636
Snacks & Branded Foods,Breakfast Cereals,₹200+,protein,7,0.32,0.57,0.022727272727272728,0.31313131313131315,0.57,0.6080050505050506
Snacks & Branded Foods,Breakfast Cereals,₹200+,sugar-free,7,0.43,0.74,0.022727272727272728,0.42424242424242425,0.74,0.6043939393939395
Snacks & Branded Foods,Breakfast Cereals,₹200+,"sugar-free, low cal",1,0.51,0.88,0.0,0.5050505050505051,0.88,0.6067676767676768
Snacks & Branded Foods,Breakfast Cereals,₹51–100,herbal,1,0.24,0.4,0.0,0.23232323232323232,0.4,0.6313131313131314
Snacks & Branded Foods,Breakfast Cereals,₹51–100,none,14,0.11,0.33,0.04924242424242424,0.10101010101010102,0.33,0.5831565656565657
Snacks & Branded Foods,Breakfast Cereals,₹51–100,plant-based,2,0.61,0.67,0.003787878787878788,0.6060606060606061,0.67,0.6931060606060606
Snacks & Branded Foods,Breakfast Cereals,₹51–100,probiotic,1,0.29,0.81,0.0,0.2828282828282828,0.81,0.546489898989899
Snacks & Branded Foods,Breakfast Cereals,₹51–100,protein,3,0.58,0.76,0.007575757575757576,0.5757575757575757,0.76,0.6584848484848485
Snacks & Branded Foods,Chocolates & Candies,₹101–200,herbal,2,0.15,0.8,0.003787878787878788,0.1414141414141414,0.8,0.49797979797979797
Snacks & Branded Foods,Chocolates & Candies,₹101–200,none,63,0.48,0.44,0.23484848484848486,0.47474747474747475,0.44,0.6122222222222222
Snacks & Branded Foods,Chocolates & Candies,₹101–200,plant-based,3,0.53,0.82,0.007575757575757576,0.5252525252525253,0.82,0.6258080808080809
Snacks & Branded Foods,Chocolates & Candies,₹101–200,probiotic,1,0.05,0.12,0.0,0.04040404040404041,0.12,0.6341414141414141
Snacks & Branded Foods,Chocolates & Candies,₹101–200,sugar-free,4,0.34,0.54,0.011363636363636364,0.33333333333333337,0.54,0.6271212121212122
Snacks & Branded Foods,Chocolates & Candies,₹1–50,herbal,1,0.13,0.01,0.0,0.12121212121212123,0.01,0.6899242424242424
Snacks & Branded Foods,Chocolates & Candies,₹1–50,none,81,0.06,0.32,0.30303030303030304,0.050505050505050504,0.32,0.46646464646464647
Snacks & Branded Foods,Chocolates & Candies,₹1–50,plant-based,1,0.99,0.37,0.0,0.98989898989899,0.37,0.9039646464646465
Snacks & Branded Foods,Chocolates & Candies,₹1–50,probiotic,3,0.32,0.4,0.007575757575757576,0.31313131313131315,0.4,0.6565656565656566
Snacks & Branded Foods,Chocolates & Candies,₹1–50,sugar-free,14,0.81,0.7,0.04924242424242424,0.8080808080808082,0.7,0.7381313131313132
Snacks & Branded Foods,Chocolates & Candies,₹200+,herbal,2,0.25,0.39,0.003787878787878788,0.24242424242424243,0.39,0.6358333333333334
Snacks & Branded Foods,Chocolates & Candies,₹200+,none,39,0.68,0.45,0.14393939393939395,0.6767676767676768,0.45,0.7167929292929294
Snacks & Branded Foods,Chocolates & Candies,₹200+,plant-based,3,0.76,0.24,0.007575757575757576,0.7575757575757576,0.24,0.8521212121212121
Snacks & Branded Foods,Chocolates & Candies,₹51–100,none,42,0.6,0.37,0.1553030303030303,0.5959595959595959,0.37,0.7039646464646464
Snacks & Branded Foods,Chocolates & Candies,₹51–100,plant-based,4,0.47,0.23,0.011363636363636364,0.46464646464646464,0.23,0.7505808080808082
Snacks & Branded Foods,Chocolates & Candies,₹51–100,probiotic,1,0.41,0.07,0.0,0.40404040404040403,0.07,0.7739141414141415
Snacks & Branded Foods,Chocolates & Candies,₹51–100,sugar-free,4,0.35,0.6,0.011363636363636364,0.3434343434343434,0.6,0.6156565656565657
Snacks & Branded Foods,Cuts & Sprouts,₹200+,none,1,0.93,0.67,0.0,0.9292929292929294,0.67,0.8077525252525253
Snacks & Branded Foods,Frozen Veggies & Snacks,₹101–200,none,90,0.83,0.62,0.3371212121212121,0.8282828282828283,0.62,0.650050505050505
Snacks & Branded Foods,Frozen Veggies & Snacks,₹1–50,none,3,0.97,0.46,0.007575757575757576,0.9696969696969697,0.46,0.8713636363636363
Snacks & Branded Foods,Frozen Veggies & Snacks,₹200+,none,61,0.12,0.38,0.22727272727272727,0.11111111111111112,0.38,0.502979797979798
Snacks & Branded Foods,Frozen Veggies & Snacks,₹51–100,none,22,0.73,0.86,0.07954545454545454,0.7272727272727273,0.86,0.6577272727272727
Snacks & Branded Foods,Indian Mithai,₹101–200,none,13,0.94,0.52,0.045454545454545456,0.9393939393939393,0.52,0.8306060606060606
Snacks & Branded Foods,Indian Mithai,₹1–50,none,6,0.18,0.48,0.01893939393939394,0.1717171717171717,0.48,0.5825252525252526
Snacks & Branded Foods,Indian Mithai,₹1–50,plant-based,1,0.07,0.03,0.0,0.060606060606060615,0.03,0.6637121212121213
Snacks & Branded Foods,Indian Mithai,₹200+,none,29,0.74,0.34,0.10606060606060606,0.7373737373737373,0.34,0.7806565656565656
Snacks & Branded Foods,Indian Mithai,₹200+,sugar-free,4,0.57,0.38,0.011363636363636364,0.5656565656565656,0.38,0.7484343434343435
Snacks & Branded Foods,Indian Mithai,₹200+,"sugar-free, herbal",1,0.84,0.4,0.0,0.8383838383838383,0.4,0.8434343434343434
Snacks & Branded Foods,Indian Mithai,₹200+,"sugar-free, plant-based",1,0.14,0.58,0.0,0.13131313131313133,0.58,0.550959595959596
Snacks & Branded Foods,Indian Mithai,₹51–100,none,6,0.8,0.53,0.01893939393939394,0.797979797979798,0.53,0.7892171717171717
Snacks & Branded Foods,"Noodle, Pasta, Vermicelli",₹101–200,none,28,0.2,0.61,0.10227272727272728,0.19191919191919193,0.61,0.5237626262626263
Snacks & Branded Foods,"Noodle, Pasta, Vermicelli",₹1–50,none,52,0.16,0.76,0.19318181818181818,0.15151515151515152,0.76,0.4357575757575758
Snacks & Branded Foods,"Noodle, Pasta, Vermicelli",₹200+,none,2,0.16,0.81,0.003787878787878788,0.15151515151515152,0.81,0.4990151515151515
Snacks & Branded Foods,"Noodle, Pasta, Vermicelli",₹200+,plant-based,1,0.81,0.72,0.0,0.8080808080808082,0.72,0.7528282828282828
Snacks & Branded Foods,"Noodle, Pasta, Vermicelli",₹51–100,none,36,0.67,0.96,0.13257575757575757,0.6666666666666667,0.96,0.5903030303030303
Snacks & Branded Foods,Pickles & Chutney,₹101–200,none,61,0.52,0.02,0.22727272727272727,0.5151515151515151,0.02,0.7343939393939394
Snacks & Branded Foods,Pickles & Chutney,₹1–50,none,12,0.36,0.2,0.041666666666666664,0.35353535353535354,0.2,0.7070707070707072
Snacks & Branded Foods,Pickles & Chutney,₹200+,none,20,0.88,0.01,0.07196969696969698,0.8787878787878788,0.01,0.9262878787878788
Snacks & Branded Foods,Pickles & Chutney,₹51–100,none,58,0.39,0.65,0.2159090909090909,0.38383838383838387,0.65,0.5354797979797981
Snacks & Branded Foods,Ready To Cook & Eat,₹101–200,none,177,0.82,0.9,0.6666666666666666,0.8181818181818181,0.9,0.4446969696969697
Snacks & Branded Foods,Ready To Cook & Eat,₹101–200,protein,1,0.44,0.24,0.0,0.43434343434343436,0.24,0.742020202020202
Snacks & Branded Foods,Ready To Cook & Eat,₹1–50,herbal,3,0.38,0.93,0.007575757575757576,0.37373737373737376,0.93,0.5452777777777778
Snacks & Branded Foods,Ready To Cook & Eat,₹1–50,none,133,0.46,0.06,0.5,0.4545454545454546,0.06,0.5940909090909091
Snacks & Branded Foods,Ready To Cook & Eat,₹1–50,plant-based,1,0.3,0.93,0.0,0.29292929292929293,0.93,0.5200252525252526
Snacks & Branded Foods,Ready To Cook & Eat,₹200+,herbal,1,0.75,0.35,0.0,0.7474747474747475,0.35,0.8241161616161616
Snacks & Branded Foods,Ready To Cook & Eat,₹200+,none,40,0.5,0.1,0.14772727272727273,0.494949494949495,0.1,0.7391414141414142
Snacks & Branded Foods,Ready To Cook & Eat,₹200+,plant-based,2,0.23,0.49,0.003787878787878788,0.22222222222222224,0.49,0.6037626262626263
Snacks & Branded Foods,Ready To Cook & Eat,₹51–100,none,265,0.9,0.26,1.0,0.898989898989899,0.26,0.4996464646464646
Snacks & Branded Foods,Ready To Cook & Eat,₹51–100,protein,1,0.38,0.28,0.0,0.37373737373737376,0.28,0.7108080808080808
Snacks & Branded Foods,Snacks & Namkeen,₹101–200,low cal,1,0.54,0.31,0.0,0.5353535353535354,0.31,0.7598737373737373
Snacks & Branded Foods,Snacks & Namkeen,₹101–200,none,84,0.91,0.8,0.3143939393939394,0.9090909090909092,0.8,0.6424242424242423
Snacks & Branded Foods,Snacks & Namkeen,₹101–200,"plant-based, protein",1,0.62,0.54,0.0,0.6161616161616161,0.54,0.7306565656565657
Snacks & Branded Foods,Snacks & Namkeen,₹1–50,fortified,2,0.12,0.31,0.003787878787878788,0.11111111111111112,0.31,0.6098737373737374
Snacks & Branded Foods,Snacks & Namkeen,₹1–50,herbal,3,0.94,0.61,0.007575757575757576,0.9393939393939393,0.61,0.8232575757575757
Snacks & Branded Foods,Snacks & Namkeen,₹1–50,low cal,4,0.63,0.72,0.011363636363636364,0.6262626262626263,0.72,0.6846464646464647
Snacks & Branded Foods,Snacks & Namkeen,₹1–50,none,187,0.33,0.27,0.7045454545454546,0.32323232323232326,0.27,0.4138131313131313
Snacks & Branded Foods,Snacks & Namkeen,₹1–50,"plant-based, protein",1,0.14,0.41,0.0,0.13131313131313133,0.41,0.5934595959595961
Snacks & Branded Foods,Snacks & Namkeen,₹1–50,protein,5,0.79,0.12,0.015151515151515152,0.787878787878788,0.12,0.8896969696969697
Snacks & Branded Foods,Snacks & Namkeen,₹200+,none,10,0.62,0.18,0.03409090909090909,0.6161616161616161,0.18,0.807020202020202
Snacks & Branded Foods,Snacks & Namkeen,₹200+,plant-based,1,0.53,0.68,0.0,0.5252525252525253,0.68,0.6638383838383838
Snacks & Branded Foods,Snacks & Namkeen,₹200+,probiotic,1,0.89,0.18,0.0,0.888888888888889,0.18,0.9161111111111111
Snacks & Branded Foods,Snacks & Namkeen,₹51–100,herbal,1,0.79,0.53,0.0,0.787878787878788,0.53,0.7932575757575757
Snacks & Branded Foods,Snacks & Namkeen,₹51–100,low cal,2,0.15,0.71,0.003787878787878788,0.1414141414141414,0.71,0.5204797979797979
Snacks & Branded Foods,Snacks & Namkeen,₹51–100,none,175,0.31,0.11,0.6590909090909091,0.30303030303030304,0.11,0.46492424242424246
Snacks & Branded Foods,Snacks & Namkeen,₹51–100,protein,3,0.25,0.57,0.007575757575757576,0.24242424242424243,0.57,0.5893181818181819
Snacks & Branded Foods,"Spreads, Sauces, Ketchup",₹101–200,herbal,6,0.74,0.26,0.01893939393939394,0.7373737373737373,0.26,0.8355050505050505
Snacks & Branded Foods,"Spreads, Sauces, Ketchup",₹101–200,none,83,0.03,0.96,0.3106060606060606,0.0202020202020202,0.96,0.2928282828282829
Snacks & Branded Foods,"Spreads, Sauces, Ketchup",₹101–200,plant-based,1,0.57,0.48,0.0,0.5656565656565656,0.48,0.727979797979798
Snacks & Branded Foods,"Spreads, Sauces, Ketchup",₹101–200,sugar-free,1,0.76,0.81,0.0,0.7575757575757576,0.81,0.7126515151515151
Snacks & Branded Foods,"Spreads, Sauces, Ketchup",₹1–50,none,24,0.88,0.55,0.08712121212121213,0.8787878787878788,0.55,0.7852272727272727
Snacks & Branded Foods,"Spreads, Sauces, Ketchup",₹1–50,plant-based,1,0.34,0.04,0.0,0.33333333333333337,0.04,0.7566666666666667
Snacks & Branded Foods,"Spreads, Sauces, Ketchup",₹200+,herbal,9,0.82,0.63,0.030303030303030304,0.8181818181818181,0.63,0.7667424242424243
Snacks & Branded Foods,"Spreads, Sauces, Ketchup",₹200+,none,77,0.11,0.95,0.2878787878787879,0.10101010101010102,0.95,0.3327020202020202
Snacks & Branded Foods,"Spreads, Sauces, Ketchup",₹200+,plant-based,11,0.85,0.6,0.03787878787878788,0.8484848484848485,0.6,0.7818181818181819
Snacks & Branded Foods,"Spreads, Sauces, Ketchup",₹200+,"plant-based, herbal",1,0.13,0.82,0.0,0.12121212121212123,0.82,0.4874242424242424
Snacks & Branded Foods,"Spreads, Sauces, Ketchup",₹200+,"plant-based, protein",1,0.4,0.88,0.0,0.393939393939394,0.88,0.5678787878787879
Snacks & Branded Foods,"Spreads, Sauces, Ketchup",₹200+,protein,2,0.8,0.23,0.003787878787878788,0.797979797979798,0.23,0.8702777777777778
Snacks & Branded Foods,"Spreads, Sauces, Ketchup",₹200+,sugar-free,4,0.15,0.21,0.011363636363636364,0.1414141414141414,0.21,0.642449494949495
Snacks & Branded Foods,"Spreads, Sauces, Ketchup",₹200+,"sugar-free, herbal",1,0.23,0.61,0.0,0.22222222222222224,0.61,0.5752777777777778
Snacks & Branded Foods,"Spreads, Sauces, Ketchup",₹51–100,low cal,1,0.72,0.41,0.0,0.7171717171717171,0.41,0.798510101010101
Snacks & Branded Foods,"Spreads, Sauces, Ketchup",₹51–100,none,61,0.72,0.84,0.22727272727272727,0.7171717171717171,0.84,0.60010101010101
Snacks & Branded Foods,"Spreads, Sauces, Ketchup",₹51–100,plant-based,1,0.64,0.9,0.0,0.6363636363636364,0.9,0.6477272727272728
